path,function_name,lineno,node_type,operation_class,is_critical_mechanism_function
data/source/CIEL_OMEGA_COMPLETE_SYSTEM/ciel_omega/orbital/metrics.py,_param,8,arguments,arguments,0
data/source/CIEL_OMEGA_COMPLETE_SYSTEM/ciel_omega/orbital/metrics.py,_param,9,Return,return,0
data/source/CIEL_OMEGA_COMPLETE_SYSTEM/ciel_omega/orbital/metrics.py,_param,8,Name,name,0
data/source/CIEL_OMEGA_COMPLETE_SYSTEM/ciel_omega/orbital/metrics.py,bloch_vector,11,arguments,arguments,0
data/source/CIEL_OMEGA_COMPLETE_SYSTEM/ciel_omega/orbital/metrics.py,bloch_vector,12,Return,return,0
data/source/CIEL_OMEGA_COMPLETE_SYSTEM/ciel_omega/orbital/metrics.py,poincare_radius,14,arguments,arguments,0
data/source/CIEL_OMEGA_COMPLETE_SYSTEM/ciel_omega/orbital/metrics.py,poincare_radius,15,Return,return,0
data/source/CIEL_OMEGA_COMPLETE_SYSTEM/ciel_omega/orbital/metrics.py,poincare_radius,14,Name,name,0
data/source/CIEL_OMEGA_COMPLETE_SYSTEM/ciel_omega/orbital/metrics.py,theta_from_rho,17,arguments,arguments,0
data/source/CIEL_OMEGA_COMPLETE_SYSTEM/ciel_omega/orbital/metrics.py,theta_from_rho,18,Assign,assign,0
data/source/CIEL_OMEGA_COMPLETE_SYSTEM/ciel_omega/orbital/metrics.py,theta_from_rho,19,Return,return,0
data/source/CIEL_OMEGA_COMPLETE_SYSTEM/ciel_omega/orbital/metrics.py,theta_from_rho,17,Name,name,0
data/source/CIEL_OMEGA_COMPLETE_SYSTEM/ciel_omega/orbital/metrics.py,poincare_distance,21,arguments,arguments,0
data/source/CIEL_OMEGA_COMPLETE_SYSTEM/ciel_omega/orbital/metrics.py,poincare_distance,22,Assign,assign,0
data/source/CIEL_OMEGA_COMPLETE_SYSTEM/ciel_omega/orbital/metrics.py,poincare_distance,23,Assign,assign,0
data/source/CIEL_OMEGA_COMPLETE_SYSTEM/ciel_omega/orbital/metrics.py,poincare_distance,24,Assign,assign,0
data/source/CIEL_OMEGA_COMPLETE_SYSTEM/ciel_omega/orbital/metrics.py,poincare_distance,25,Assign,assign,0
data/source/CIEL_OMEGA_COMPLETE_SYSTEM/ciel_omega/orbital/metrics.py,poincare_distance,26,Assign,assign,0
data/source/CIEL_OMEGA_COMPLETE_SYSTEM/ciel_omega/orbital/metrics.py,poincare_distance,27,Assign,assign,0
data/source/CIEL_OMEGA_COMPLETE_SYSTEM/ciel_omega/orbital/metrics.py,poincare_distance,28,Assign,assign,0
data/source/CIEL_OMEGA_COMPLETE_SYSTEM/ciel_omega/orbital/metrics.py,poincare_distance,29,Return,return,0
data/source/CIEL_OMEGA_COMPLETE_SYSTEM/ciel_omega/orbital/metrics.py,poincare_distance,21,Name,name,0
data/source/CIEL_OMEGA_COMPLETE_SYSTEM/ciel_omega/orbital/metrics.py,berry_pair_phase,31,arguments,arguments,1
data/source/CIEL_OMEGA_COMPLETE_SYSTEM/ciel_omega/orbital/metrics.py,berry_pair_phase,32,Assign,assign,1
data/source/CIEL_OMEGA_COMPLETE_SYSTEM/ciel_omega/orbital/metrics.py,berry_pair_phase,33,Assign,assign,1
data/source/CIEL_OMEGA_COMPLETE_SYSTEM/ciel_omega/orbital/metrics.py,berry_pair_phase,34,Return,return,1
data/source/CIEL_OMEGA_COMPLETE_SYSTEM/ciel_omega/orbital/metrics.py,berry_pair_phase,31,Name,name,1
data/source/CIEL_OMEGA_COMPLETE_SYSTEM/ciel_omega/orbital/metrics.py,_complex_coupling,36,arguments,arguments,1
data/source/CIEL_OMEGA_COMPLETE_SYSTEM/ciel_omega/orbital/metrics.py,_complex_coupling,37,If,if,1
data/source/CIEL_OMEGA_COMPLETE_SYSTEM/ciel_omega/orbital/metrics.py,_complex_coupling,39,Assign,assign,1
data/source/CIEL_OMEGA_COMPLETE_SYSTEM/ciel_omega/orbital/metrics.py,_complex_coupling,40,Assign,assign,1
data/source/CIEL_OMEGA_COMPLETE_SYSTEM/ciel_omega/orbital/metrics.py,_complex_coupling,41,Assign,assign,1
data/source/CIEL_OMEGA_COMPLETE_SYSTEM/ciel_omega/orbital/metrics.py,_complex_coupling,42,Assign,assign,1
data/source/CIEL_OMEGA_COMPLETE_SYSTEM/ciel_omega/orbital/metrics.py,_complex_coupling,43,Return,return,1
data/source/CIEL_OMEGA_COMPLETE_SYSTEM/ciel_omega/orbital/metrics.py,_complex_coupling,36,Name,name,1
data/source/CIEL_OMEGA_COMPLETE_SYSTEM/ciel_omega/orbital/metrics.py,A_ij,45,arguments,arguments,1
data/source/CIEL_OMEGA_COMPLETE_SYSTEM/ciel_omega/orbital/metrics.py,A_ij,46,Assign,assign,1
data/source/CIEL_OMEGA_COMPLETE_SYSTEM/ciel_omega/orbital/metrics.py,A_ij,47,Assign,assign,1
data/source/CIEL_OMEGA_COMPLETE_SYSTEM/ciel_omega/orbital/metrics.py,A_ij,48,Assign,assign,1
data/source/CIEL_OMEGA_COMPLETE_SYSTEM/ciel_omega/orbital/metrics.py,A_ij,49,Assign,assign,1
data/source/CIEL_OMEGA_COMPLETE_SYSTEM/ciel_omega/orbital/metrics.py,A_ij,50,Assign,assign,1
data/source/CIEL_OMEGA_COMPLETE_SYSTEM/ciel_omega/orbital/metrics.py,A_ij,50,Assign,assign,1
data/source/CIEL_OMEGA_COMPLETE_SYSTEM/ciel_omega/orbital/metrics.py,A_ij,51,If,if,1
data/source/CIEL_OMEGA_COMPLETE_SYSTEM/ciel_omega/orbital/metrics.py,A_ij,53,Assign,assign,1
data/source/CIEL_OMEGA_COMPLETE_SYSTEM/ciel_omega/orbital/metrics.py,A_ij,54,Assign,assign,1
data/source/CIEL_OMEGA_COMPLETE_SYSTEM/ciel_omega/orbital/metrics.py,A_ij,55,Assign,assign,1
data/source/CIEL_OMEGA_COMPLETE_SYSTEM/ciel_omega/orbital/metrics.py,A_ij,56,Return,return,1
data/source/CIEL_OMEGA_COMPLETE_SYSTEM/ciel_omega/orbital/metrics.py,A_ij,45,Name,name,1
data/source/CIEL_OMEGA_COMPLETE_SYSTEM/ciel_omega/orbital/metrics.py,A_i_zeta_vertex_raw,58,arguments,arguments,0
data/source/CIEL_OMEGA_COMPLETE_SYSTEM/ciel_omega/orbital/metrics.py,A_i_zeta_vertex_raw,59,Assign,assign,0
data/source/CIEL_OMEGA_COMPLETE_SYSTEM/ciel_omega/orbital/metrics.py,A_i_zeta_vertex_raw,60,Assign,assign,0
data/source/CIEL_OMEGA_COMPLETE_SYSTEM/ciel_omega/orbital/metrics.py,A_i_zeta_vertex_raw,61,Assign,assign,0
data/source/CIEL_OMEGA_COMPLETE_SYSTEM/ciel_omega/orbital/metrics.py,A_i_zeta_vertex_raw,62,Assign,assign,0
data/source/CIEL_OMEGA_COMPLETE_SYSTEM/ciel_omega/orbital/metrics.py,A_i_zeta_vertex_raw,63,Assign,assign,0
data/source/CIEL_OMEGA_COMPLETE_SYSTEM/ciel_omega/orbital/metrics.py,A_i_zeta_vertex_raw,64,Assign,assign,0
data/source/CIEL_OMEGA_COMPLETE_SYSTEM/ciel_omega/orbital/metrics.py,A_i_zeta_vertex_raw,65,Assign,assign,0
data/source/CIEL_OMEGA_COMPLETE_SYSTEM/ciel_omega/orbital/metrics.py,A_i_zeta_vertex_raw,66,Return,return,0
data/source/CIEL_OMEGA_COMPLETE_SYSTEM/ciel_omega/orbital/metrics.py,A_i_zeta_vertex_raw,58,Name,name,0
data/source/CIEL_OMEGA_COMPLETE_SYSTEM/ciel_omega/orbital/metrics.py,heisenberg_soft_clip,68,arguments,arguments,0
data/source/CIEL_OMEGA_COMPLETE_SYSTEM/ciel_omega/orbital/metrics.py,heisenberg_soft_clip,69,If,if,0
data/source/CIEL_OMEGA_COMPLETE_SYSTEM/ciel_omega/orbital/metrics.py,heisenberg_soft_clip,71,Return,return,0
data/source/CIEL_OMEGA_COMPLETE_SYSTEM/ciel_omega/orbital/metrics.py,heisenberg_soft_clip,68,Name,name,0
data/source/CIEL_OMEGA_COMPLETE_SYSTEM/ciel_omega/orbital/metrics.py,A_i_zeta_vertex,73,arguments,arguments,0
data/source/CIEL_OMEGA_COMPLETE_SYSTEM/ciel_omega/orbital/metrics.py,A_i_zeta_vertex,74,Assign,assign,0
data/source/CIEL_OMEGA_COMPLETE_SYSTEM/ciel_omega/orbital/metrics.py,A_i_zeta_vertex,75,Assign,assign,0
data/source/CIEL_OMEGA_COMPLETE_SYSTEM/ciel_omega/orbital/metrics.py,A_i_zeta_vertex,76,Assign,assign,0
data/source/CIEL_OMEGA_COMPLETE_SYSTEM/ciel_omega/orbital/metrics.py,A_i_zeta_vertex,77,Return,return,0
data/source/CIEL_OMEGA_COMPLETE_SYSTEM/ciel_omega/orbital/metrics.py,A_i_zeta_vertex,73,Name,name,0
data/source/CIEL_OMEGA_COMPLETE_SYSTEM/ciel_omega/orbital/metrics.py,A_i_zeta,79,arguments,arguments,0
data/source/CIEL_OMEGA_COMPLETE_SYSTEM/ciel_omega/orbital/metrics.py,A_i_zeta,80,If,if,0
data/source/CIEL_OMEGA_COMPLETE_SYSTEM/ciel_omega/orbital/metrics.py,A_i_zeta,82,Assign,assign,0
data/source/CIEL_OMEGA_COMPLETE_SYSTEM/ciel_omega/orbital/metrics.py,A_i_zeta,83,For,for,0
data/source/CIEL_OMEGA_COMPLETE_SYSTEM/ciel_omega/orbital/metrics.py,A_i_zeta,85,Return,return,0
data/source/CIEL_OMEGA_COMPLETE_SYSTEM/ciel_omega/orbital/metrics.py,A_i_zeta,79,Name,name,0
data/source/CIEL_OMEGA_COMPLETE_SYSTEM/ciel_omega/orbital/metrics.py,A_matrix,87,arguments,arguments,1
data/source/CIEL_OMEGA_COMPLETE_SYSTEM/ciel_omega/orbital/metrics.py,A_matrix,88,AnnAssign,annassign,1
data/source/CIEL_OMEGA_COMPLETE_SYSTEM/ciel_omega/orbital/metrics.py,A_matrix,89,For,for,1
data/source/CIEL_OMEGA_COMPLETE_SYSTEM/ciel_omega/orbital/metrics.py,A_matrix,94,Return,return,1
data/source/CIEL_OMEGA_COMPLETE_SYSTEM/ciel_omega/orbital/metrics.py,A_matrix,87,Subscript,subscript,1
data/source/CIEL_OMEGA_COMPLETE_SYSTEM/ciel_omega/orbital/metrics.py,A_numpy,96,arguments,arguments,0
data/source/CIEL_OMEGA_COMPLETE_SYSTEM/ciel_omega/orbital/metrics.py,A_numpy,97,Assign,assign,0
data/source/CIEL_OMEGA_COMPLETE_SYSTEM/ciel_omega/orbital/metrics.py,A_numpy,97,Assign,assign,0
data/source/CIEL_OMEGA_COMPLETE_SYSTEM/ciel_omega/orbital/metrics.py,A_numpy,98,Assign,assign,0
data/source/CIEL_OMEGA_COMPLETE_SYSTEM/ciel_omega/orbital/metrics.py,A_numpy,99,For,for,0
data/source/CIEL_OMEGA_COMPLETE_SYSTEM/ciel_omega/orbital/metrics.py,A_numpy,102,Return,return,0
data/source/CIEL_OMEGA_COMPLETE_SYSTEM/ciel_omega/orbital/metrics.py,A_numpy,96,Attribute,attribute,0
data/source/CIEL_OMEGA_COMPLETE_SYSTEM/ciel_omega/orbital/metrics.py,spectral_observables,104,arguments,arguments,0
data/source/CIEL_OMEGA_COMPLETE_SYSTEM/ciel_omega/orbital/metrics.py,spectral_observables,105,Assign,assign,0
data/source/CIEL_OMEGA_COMPLETE_SYSTEM/ciel_omega/orbital/metrics.py,spectral_observables,106,Assign,assign,0
data/source/CIEL_OMEGA_COMPLETE_SYSTEM/ciel_omega/orbital/metrics.py,spectral_observables,107,Assign,assign,0
data/source/CIEL_OMEGA_COMPLETE_SYSTEM/ciel_omega/orbital/metrics.py,spectral_observables,108,Assign,assign,0
data/source/CIEL_OMEGA_COMPLETE_SYSTEM/ciel_omega/orbital/metrics.py,spectral_observables,109,Assign,assign,0
data/source/CIEL_OMEGA_COMPLETE_SYSTEM/ciel_omega/orbital/metrics.py,spectral_observables,110,Assign,assign,0
data/source/CIEL_OMEGA_COMPLETE_SYSTEM/ciel_omega/orbital/metrics.py,spectral_observables,111,Assign,assign,0
data/source/CIEL_OMEGA_COMPLETE_SYSTEM/ciel_omega/orbital/metrics.py,spectral_observables,112,Assign,assign,0
data/source/CIEL_OMEGA_COMPLETE_SYSTEM/ciel_omega/orbital/metrics.py,spectral_observables,113,Assign,assign,0
data/source/CIEL_OMEGA_COMPLETE_SYSTEM/ciel_omega/orbital/metrics.py,spectral_observables,114,Assign,assign,0
data/source/CIEL_OMEGA_COMPLETE_SYSTEM/ciel_omega/orbital/metrics.py,spectral_observables,115,Assign,assign,0
data/source/CIEL_OMEGA_COMPLETE_SYSTEM/ciel_omega/orbital/metrics.py,spectral_observables,116,Assign,assign,0
data/source/CIEL_OMEGA_COMPLETE_SYSTEM/ciel_omega/orbital/metrics.py,spectral_observables,117,Return,return,0
data/source/CIEL_OMEGA_COMPLETE_SYSTEM/ciel_omega/orbital/metrics.py,spectral_observables,104,Name,name,0
data/source/CIEL_OMEGA_COMPLETE_SYSTEM/ciel_omega/orbital/metrics.py,zeta_tetra_defect,120,arguments,arguments,0
data/source/CIEL_OMEGA_COMPLETE_SYSTEM/ciel_omega/orbital/metrics.py,zeta_tetra_defect,121,If,if,0
data/source/CIEL_OMEGA_COMPLETE_SYSTEM/ciel_omega/orbital/metrics.py,zeta_tetra_defect,123,Assign,assign,0
data/source/CIEL_OMEGA_COMPLETE_SYSTEM/ciel_omega/orbital/metrics.py,zeta_tetra_defect,124,Assign,assign,0
data/source/CIEL_OMEGA_COMPLETE_SYSTEM/ciel_omega/orbital/metrics.py,zeta_tetra_defect,125,For,for,0
data/source/CIEL_OMEGA_COMPLETE_SYSTEM/ciel_omega/orbital/metrics.py,zeta_tetra_defect,129,Return,return,0
data/source/CIEL_OMEGA_COMPLETE_SYSTEM/ciel_omega/orbital/metrics.py,zeta_tetra_defect,120,Name,name,0
data/source/CIEL_OMEGA_COMPLETE_SYSTEM/ciel_omega/orbital/metrics.py,effective_tau_zeta,131,arguments,arguments,0
data/source/CIEL_OMEGA_COMPLETE_SYSTEM/ciel_omega/orbital/metrics.py,effective_tau_zeta,132,If,if,0
data/source/CIEL_OMEGA_COMPLETE_SYSTEM/ciel_omega/orbital/metrics.py,effective_tau_zeta,134,Return,return,0
data/source/CIEL_OMEGA_COMPLETE_SYSTEM/ciel_omega/orbital/metrics.py,effective_tau_zeta,131,Name,name,0
data/source/CIEL_OMEGA_COMPLETE_SYSTEM/ciel_omega/orbital/metrics.py,effective_phase_zeta,136,arguments,arguments,0
data/source/CIEL_OMEGA_COMPLETE_SYSTEM/ciel_omega/orbital/metrics.py,effective_phase_zeta,137,If,if,0
data/source/CIEL_OMEGA_COMPLETE_SYSTEM/ciel_omega/orbital/metrics.py,effective_phase_zeta,139,Assign,assign,0
data/source/CIEL_OMEGA_COMPLETE_SYSTEM/ciel_omega/orbital/metrics.py,effective_phase_zeta,140,Return,return,0
data/source/CIEL_OMEGA_COMPLETE_SYSTEM/ciel_omega/orbital/metrics.py,effective_phase_zeta,136,Name,name,0
data/source/CIEL_OMEGA_COMPLETE_SYSTEM/ciel_omega/orbital/metrics.py,zeta_coupling_norm,142,arguments,arguments,0
data/source/CIEL_OMEGA_COMPLETE_SYSTEM/ciel_omega/orbital/metrics.py,zeta_coupling_norm,143,If,if,0
data/source/CIEL_OMEGA_COMPLETE_SYSTEM/ciel_omega/orbital/metrics.py,zeta_coupling_norm,145,Return,return,0
data/source/CIEL_OMEGA_COMPLETE_SYSTEM/ciel_omega/orbital/metrics.py,zeta_coupling_norm,142,Name,name,0
data/source/CIEL_OMEGA_COMPLETE_SYSTEM/ciel_omega/orbital/metrics.py,zeta_coupling_norm_raw,147,arguments,arguments,0
data/source/CIEL_OMEGA_COMPLETE_SYSTEM/ciel_omega/orbital/metrics.py,zeta_coupling_norm_raw,148,If,if,0
data/source/CIEL_OMEGA_COMPLETE_SYSTEM/ciel_omega/orbital/metrics.py,zeta_coupling_norm_raw,150,Assign,assign,0
data/source/CIEL_OMEGA_COMPLETE_SYSTEM/ciel_omega/orbital/metrics.py,zeta_coupling_norm_raw,151,For,for,0
data/source/CIEL_OMEGA_COMPLETE_SYSTEM/ciel_omega/orbital/metrics.py,zeta_coupling_norm_raw,153,Return,return,0
data/source/CIEL_OMEGA_COMPLETE_SYSTEM/ciel_omega/orbital/metrics.py,zeta_coupling_norm_raw,147,Name,name,0
data/source/CIEL_OMEGA_COMPLETE_SYSTEM/ciel_omega/orbital/metrics.py,homology_compatibility,155,arguments,arguments,0
data/source/CIEL_OMEGA_COMPLETE_SYSTEM/ciel_omega/orbital/metrics.py,homology_compatibility,156,If,if,0
data/source/CIEL_OMEGA_COMPLETE_SYSTEM/ciel_omega/orbital/metrics.py,homology_compatibility,158,Assign,assign,0
data/source/CIEL_OMEGA_COMPLETE_SYSTEM/ciel_omega/orbital/metrics.py,homology_compatibility,159,Assign,assign,0
data/source/CIEL_OMEGA_COMPLETE_SYSTEM/ciel_omega/orbital/metrics.py,homology_compatibility,160,Return,return,0
data/source/CIEL_OMEGA_COMPLETE_SYSTEM/ciel_omega/orbital/metrics.py,homology_compatibility,155,Name,name,0
data/source/CIEL_OMEGA_COMPLETE_SYSTEM/ciel_omega/orbital/metrics.py,closure_residuals,162,arguments,arguments,0
data/source/CIEL_OMEGA_COMPLETE_SYSTEM/ciel_omega/orbital/metrics.py,closure_residuals,163,Assign,assign,0
data/source/CIEL_OMEGA_COMPLETE_SYSTEM/ciel_omega/orbital/metrics.py,closure_residuals,164,Assign,assign,0
data/source/CIEL_OMEGA_COMPLETE_SYSTEM/ciel_omega/orbital/metrics.py,closure_residuals,165,For,for,0
data/source/CIEL_OMEGA_COMPLETE_SYSTEM/ciel_omega/orbital/metrics.py,closure_residuals,174,Return,return,0
data/source/CIEL_OMEGA_COMPLETE_SYSTEM/ciel_omega/orbital/metrics.py,closure_residuals,162,Subscript,subscript,0
data/source/CIEL_OMEGA_COMPLETE_SYSTEM/ciel_omega/orbital/metrics.py,closure_penalty,176,arguments,arguments,0
data/source/CIEL_OMEGA_COMPLETE_SYSTEM/ciel_omega/orbital/metrics.py,closure_penalty,177,Assign,assign,0
data/source/CIEL_OMEGA_COMPLETE_SYSTEM/ciel_omega/orbital/metrics.py,closure_penalty,178,Assign,assign,0
data/source/CIEL_OMEGA_COMPLETE_SYSTEM/ciel_omega/orbital/metrics.py,closure_penalty,179,If,if,0
data/source/CIEL_OMEGA_COMPLETE_SYSTEM/ciel_omega/orbital/metrics.py,closure_penalty,181,Return,return,0
data/source/CIEL_OMEGA_COMPLETE_SYSTEM/ciel_omega/orbital/metrics.py,closure_penalty,176,Name,name,0
data/source/CIEL_OMEGA_COMPLETE_SYSTEM/ciel_omega/orbital/metrics.py,local_vorticity,183,arguments,arguments,0
data/source/CIEL_OMEGA_COMPLETE_SYSTEM/ciel_omega/orbital/metrics.py,local_vorticity,184,AnnAssign,annassign,0
data/source/CIEL_OMEGA_COMPLETE_SYSTEM/ciel_omega/orbital/metrics.py,local_vorticity,185,For,for,0
data/source/CIEL_OMEGA_COMPLETE_SYSTEM/ciel_omega/orbital/metrics.py,local_vorticity,204,Return,return,0
data/source/CIEL_OMEGA_COMPLETE_SYSTEM/ciel_omega/orbital/metrics.py,local_vorticity,183,Subscript,subscript,0
data/source/CIEL_OMEGA_COMPLETE_SYSTEM/ciel_omega/orbital/metrics.py,global_chirality,206,arguments,arguments,0
data/source/CIEL_OMEGA_COMPLETE_SYSTEM/ciel_omega/orbital/metrics.py,global_chirality,207,Assign,assign,0
data/source/CIEL_OMEGA_COMPLETE_SYSTEM/ciel_omega/orbital/metrics.py,global_chirality,208,Assign,assign,0
data/source/CIEL_OMEGA_COMPLETE_SYSTEM/ciel_omega/orbital/metrics.py,global_chirality,209,For,for,0
data/source/CIEL_OMEGA_COMPLETE_SYSTEM/ciel_omega/orbital/metrics.py,global_chirality,212,Return,return,0
data/source/CIEL_OMEGA_COMPLETE_SYSTEM/ciel_omega/orbital/metrics.py,global_chirality,206,Name,name,0
data/source/CIEL_OMEGA_COMPLETE_SYSTEM/ciel_omega/orbital/metrics.py,effective_mass,214,arguments,arguments,0
data/source/CIEL_OMEGA_COMPLETE_SYSTEM/ciel_omega/orbital/metrics.py,effective_mass,215,If,if,0
data/source/CIEL_OMEGA_COMPLETE_SYSTEM/ciel_omega/orbital/metrics.py,effective_mass,217,If,if,0
data/source/CIEL_OMEGA_COMPLETE_SYSTEM/ciel_omega/orbital/metrics.py,effective_mass,219,Assign,assign,0
data/source/CIEL_OMEGA_COMPLETE_SYSTEM/ciel_omega/orbital/metrics.py,effective_mass,219,Assign,assign,0
data/source/CIEL_OMEGA_COMPLETE_SYSTEM/ciel_omega/orbital/metrics.py,effective_mass,219,AnnAssign,annassign,0
data/source/CIEL_OMEGA_COMPLETE_SYSTEM/ciel_omega/orbital/metrics.py,effective_mass,220,For,for,0
data/source/CIEL_OMEGA_COMPLETE_SYSTEM/ciel_omega/orbital/metrics.py,effective_mass,236,Return,return,0
data/source/CIEL_OMEGA_COMPLETE_SYSTEM/ciel_omega/orbital/metrics.py,effective_mass,214,Subscript,subscript,0
data/source/CIEL_OMEGA_COMPLETE_SYSTEM/ciel_omega/orbital/metrics.py,holonomy_defect,238,arguments,arguments,0
data/source/CIEL_OMEGA_COMPLETE_SYSTEM/ciel_omega/orbital/metrics.py,holonomy_defect,239,Assign,assign,0
data/source/CIEL_OMEGA_COMPLETE_SYSTEM/ciel_omega/orbital/metrics.py,holonomy_defect,240,For,for,0
data/source/CIEL_OMEGA_COMPLETE_SYSTEM/ciel_omega/orbital/metrics.py,holonomy_defect,244,If,if,0
data/source/CIEL_OMEGA_COMPLETE_SYSTEM/ciel_omega/orbital/metrics.py,holonomy_defect,250,Return,return,0
data/source/CIEL_OMEGA_COMPLETE_SYSTEM/ciel_omega/orbital/metrics.py,holonomy_defect,238,Name,name,0
data/source/CIEL_OMEGA_COMPLETE_SYSTEM/ciel_omega/orbital/metrics.py,global_coherence,252,arguments,arguments,0
data/source/CIEL_OMEGA_COMPLETE_SYSTEM/ciel_omega/orbital/metrics.py,global_coherence,253,Return,return,0
data/source/CIEL_OMEGA_COMPLETE_SYSTEM/ciel_omega/orbital/metrics.py,global_coherence,252,Name,name,0
data/source/CIEL_OMEGA_COMPLETE_SYSTEM/ciel_omega/orbital/metrics.py,chord_tension,255,arguments,arguments,0
data/source/CIEL_OMEGA_COMPLETE_SYSTEM/ciel_omega/orbital/metrics.py,chord_tension,256,Assign,assign,0
data/source/CIEL_OMEGA_COMPLETE_SYSTEM/ciel_omega/orbital/metrics.py,chord_tension,256,Assign,assign,0
data/source/CIEL_OMEGA_COMPLETE_SYSTEM/ciel_omega/orbital/metrics.py,chord_tension,257,For,for,0
data/source/CIEL_OMEGA_COMPLETE_SYSTEM/ciel_omega/orbital/metrics.py,chord_tension,269,If,if,0
data/source/CIEL_OMEGA_COMPLETE_SYSTEM/ciel_omega/orbital/metrics.py,chord_tension,271,Return,return,0
data/source/CIEL_OMEGA_COMPLETE_SYSTEM/ciel_omega/orbital/metrics.py,chord_tension,255,Name,name,0
data/source/CIEL_OMEGA_COMPLETE_SYSTEM/ciel_omega/orbital/metrics.py,closure_details,273,arguments,arguments,0
data/source/CIEL_OMEGA_COMPLETE_SYSTEM/ciel_omega/orbital/metrics.py,closure_details,274,Assign,assign,0
data/source/CIEL_OMEGA_COMPLETE_SYSTEM/ciel_omega/orbital/metrics.py,closure_details,275,Assign,assign,0
data/source/CIEL_OMEGA_COMPLETE_SYSTEM/ciel_omega/orbital/metrics.py,closure_details,276,For,for,0
data/source/CIEL_OMEGA_COMPLETE_SYSTEM/ciel_omega/orbital/metrics.py,closure_details,289,Return,return,0
data/source/CIEL_OMEGA_COMPLETE_SYSTEM/ciel_omega/orbital/metrics.py,radial_spread,291,arguments,arguments,0
data/source/CIEL_OMEGA_COMPLETE_SYSTEM/ciel_omega/orbital/metrics.py,radial_spread,292,Assign,assign,0
data/source/CIEL_OMEGA_COMPLETE_SYSTEM/ciel_omega/orbital/metrics.py,radial_spread,293,Assign,assign,0
data/source/CIEL_OMEGA_COMPLETE_SYSTEM/ciel_omega/orbital/metrics.py,radial_spread,294,Return,return,0
data/source/CIEL_OMEGA_COMPLETE_SYSTEM/ciel_omega/orbital/metrics.py,radial_spread,291,Name,name,0
data/source/CIEL_OMEGA_COMPLETE_SYSTEM/ciel_omega/orbital/metrics.py,total_relational_potential,296,arguments,arguments,0
data/source/CIEL_OMEGA_COMPLETE_SYSTEM/ciel_omega/orbital/metrics.py,total_relational_potential,297,Assign,assign,0
data/source/CIEL_OMEGA_COMPLETE_SYSTEM/ciel_omega/orbital/metrics.py,total_relational_potential,298,Assign,assign,0
data/source/CIEL_OMEGA_COMPLETE_SYSTEM/ciel_omega/orbital/metrics.py,total_relational_potential,299,Assign,assign,0
data/source/CIEL_OMEGA_COMPLETE_SYSTEM/ciel_omega/orbital/metrics.py,total_relational_potential,300,Assign,assign,0
data/source/CIEL_OMEGA_COMPLETE_SYSTEM/ciel_omega/orbital/metrics.py,total_relational_potential,301,Return,return,0
data/source/CIEL_OMEGA_COMPLETE_SYSTEM/ciel_omega/orbital/metrics.py,total_relational_potential,296,Name,name,0
data/source/CIEL_OMEGA_COMPLETE_SYSTEM/ciel_omega/constraints/euler_constraint.py,_wrap,72,arguments,arguments,0
data/source/CIEL_OMEGA_COMPLETE_SYSTEM/ciel_omega/constraints/euler_constraint.py,_wrap,73,Return,return,0
data/source/CIEL_OMEGA_COMPLETE_SYSTEM/ciel_omega/constraints/euler_constraint.py,_wrap,72,Name,name,0
data/source/CIEL_OMEGA_COMPLETE_SYSTEM/ciel_omega/constraints/euler_constraint.py,_circ_mean,76,arguments,arguments,0
data/source/CIEL_OMEGA_COMPLETE_SYSTEM/ciel_omega/constraints/euler_constraint.py,_circ_mean,77,If,if,0
data/source/CIEL_OMEGA_COMPLETE_SYSTEM/ciel_omega/constraints/euler_constraint.py,_circ_mean,79,Return,return,0
data/source/CIEL_OMEGA_COMPLETE_SYSTEM/ciel_omega/constraints/euler_constraint.py,_circ_mean,76,Name,name,0
data/source/CIEL_OMEGA_COMPLETE_SYSTEM/ciel_omega/constraints/euler_constraint.py,_safe_angle_mean,82,arguments,arguments,0
data/source/CIEL_OMEGA_COMPLETE_SYSTEM/ciel_omega/constraints/euler_constraint.py,_safe_angle_mean,83,Assign,assign,0
data/source/CIEL_OMEGA_COMPLETE_SYSTEM/ciel_omega/constraints/euler_constraint.py,_safe_angle_mean,84,Return,return,0
data/source/CIEL_OMEGA_COMPLETE_SYSTEM/ciel_omega/constraints/euler_constraint.py,_safe_angle_mean,82,Name,name,0
data/source/CIEL_OMEGA_COMPLETE_SYSTEM/ciel_omega/constraints/euler_constraint.py,_build_core_phase_vector,87,arguments,arguments,1
data/source/CIEL_OMEGA_COMPLETE_SYSTEM/ciel_omega/constraints/euler_constraint.py,_build_core_phase_vector,88,Assign,assign,1
data/source/CIEL_OMEGA_COMPLETE_SYSTEM/ciel_omega/constraints/euler_constraint.py,_build_core_phase_vector,89,Assign,assign,1
data/source/CIEL_OMEGA_COMPLETE_SYSTEM/ciel_omega/constraints/euler_constraint.py,_build_core_phase_vector,90,Assign,assign,1
data/source/CIEL_OMEGA_COMPLETE_SYSTEM/ciel_omega/constraints/euler_constraint.py,_build_core_phase_vector,91,Assign,assign,1
data/source/CIEL_OMEGA_COMPLETE_SYSTEM/ciel_omega/constraints/euler_constraint.py,_build_core_phase_vector,92,Assign,assign,1
data/source/CIEL_OMEGA_COMPLETE_SYSTEM/ciel_omega/constraints/euler_constraint.py,_build_core_phase_vector,93,Return,return,1
data/source/CIEL_OMEGA_COMPLETE_SYSTEM/ciel_omega/constraints/euler_constraint.py,_build_core_phase_vector,87,Attribute,attribute,1
data/source/CIEL_OMEGA_COMPLETE_SYSTEM/ciel_omega/constraints/euler_constraint.py,_canonical_id_to_phase,96,arguments,arguments,0
data/source/CIEL_OMEGA_COMPLETE_SYSTEM/ciel_omega/constraints/euler_constraint.py,_canonical_id_to_phase,97,Assign,assign,0
data/source/CIEL_OMEGA_COMPLETE_SYSTEM/ciel_omega/constraints/euler_constraint.py,_canonical_id_to_phase,98,Assign,assign,0
data/source/CIEL_OMEGA_COMPLETE_SYSTEM/ciel_omega/constraints/euler_constraint.py,_canonical_id_to_phase,99,Return,return,0
data/source/CIEL_OMEGA_COMPLETE_SYSTEM/ciel_omega/constraints/euler_constraint.py,_canonical_id_to_phase,96,Name,name,0
data/source/CIEL_OMEGA_COMPLETE_SYSTEM/ciel_omega/constraints/euler_constraint.py,_priority_weight,102,arguments,arguments,0
data/source/CIEL_OMEGA_COMPLETE_SYSTEM/ciel_omega/constraints/euler_constraint.py,_priority_weight,103,Try,try,0
data/source/CIEL_OMEGA_COMPLETE_SYSTEM/ciel_omega/constraints/euler_constraint.py,_priority_weight,102,Name,name,0
data/source/CIEL_OMEGA_COMPLETE_SYSTEM/ciel_omega/constraints/euler_constraint.py,_build_vocabulary_phase_vector,109,arguments,arguments,0
data/source/CIEL_OMEGA_COMPLETE_SYSTEM/ciel_omega/constraints/euler_constraint.py,_build_vocabulary_phase_vector,111,AnnAssign,annassign,0
data/source/CIEL_OMEGA_COMPLETE_SYSTEM/ciel_omega/constraints/euler_constraint.py,_build_vocabulary_phase_vector,112,If,if,0
data/source/CIEL_OMEGA_COMPLETE_SYSTEM/ciel_omega/constraints/euler_constraint.py,_build_vocabulary_phase_vector,122,If,if,0
data/source/CIEL_OMEGA_COMPLETE_SYSTEM/ciel_omega/constraints/euler_constraint.py,_build_vocabulary_phase_vector,126,Return,return,0
data/source/CIEL_OMEGA_COMPLETE_SYSTEM/ciel_omega/constraints/euler_constraint.py,_build_vocabulary_phase_vector,110,Attribute,attribute,0
data/source/CIEL_OMEGA_COMPLETE_SYSTEM/ciel_omega/constraints/euler_constraint.py,_build_affect_phase_vector,129,arguments,arguments,0
data/source/CIEL_OMEGA_COMPLETE_SYSTEM/ciel_omega/constraints/euler_constraint.py,_build_affect_phase_vector,130,Assign,assign,0
data/source/CIEL_OMEGA_COMPLETE_SYSTEM/ciel_omega/constraints/euler_constraint.py,_build_affect_phase_vector,131,Assign,assign,0
data/source/CIEL_OMEGA_COMPLETE_SYSTEM/ciel_omega/constraints/euler_constraint.py,_build_affect_phase_vector,132,Assign,assign,0
data/source/CIEL_OMEGA_COMPLETE_SYSTEM/ciel_omega/constraints/euler_constraint.py,_build_affect_phase_vector,133,Assign,assign,0
data/source/CIEL_OMEGA_COMPLETE_SYSTEM/ciel_omega/constraints/euler_constraint.py,_build_affect_phase_vector,134,Assign,assign,0
data/source/CIEL_OMEGA_COMPLETE_SYSTEM/ciel_omega/constraints/euler_constraint.py,_build_affect_phase_vector,135,Assign,assign,0
data/source/CIEL_OMEGA_COMPLETE_SYSTEM/ciel_omega/constraints/euler_constraint.py,_build_affect_phase_vector,141,Return,return,0
data/source/CIEL_OMEGA_COMPLETE_SYSTEM/ciel_omega/constraints/euler_constraint.py,_build_affect_phase_vector,129,Attribute,attribute,0
data/source/CIEL_OMEGA_COMPLETE_SYSTEM/ciel_omega/constraints/euler_constraint.py,_memory_stats,144,arguments,arguments,0
data/source/CIEL_OMEGA_COMPLETE_SYSTEM/ciel_omega/constraints/euler_constraint.py,_memory_stats,145,AnnAssign,annassign,0
data/source/CIEL_OMEGA_COMPLETE_SYSTEM/ciel_omega/constraints/euler_constraint.py,_memory_stats,146,AnnAssign,annassign,0
data/source/CIEL_OMEGA_COMPLETE_SYSTEM/ciel_omega/constraints/euler_constraint.py,_memory_stats,147,For,for,0
data/source/CIEL_OMEGA_COMPLETE_SYSTEM/ciel_omega/constraints/euler_constraint.py,_memory_stats,155,If,if,0
data/source/CIEL_OMEGA_COMPLETE_SYSTEM/ciel_omega/constraints/euler_constraint.py,_memory_stats,157,Return,return,0
data/source/CIEL_OMEGA_COMPLETE_SYSTEM/ciel_omega/constraints/euler_constraint.py,_memory_stats,144,Subscript,subscript,0
data/source/CIEL_OMEGA_COMPLETE_SYSTEM/ciel_omega/constraints/euler_constraint.py,_sector_metrics,160,arguments,arguments,0
data/source/CIEL_OMEGA_COMPLETE_SYSTEM/ciel_omega/constraints/euler_constraint.py,_sector_metrics,161,AnnAssign,annassign,0
data/source/CIEL_OMEGA_COMPLETE_SYSTEM/ciel_omega/constraints/euler_constraint.py,_sector_metrics,162,AnnAssign,annassign,0
data/source/CIEL_OMEGA_COMPLETE_SYSTEM/ciel_omega/constraints/euler_constraint.py,_sector_metrics,163,For,for,0
data/source/CIEL_OMEGA_COMPLETE_SYSTEM/ciel_omega/constraints/euler_constraint.py,_sector_metrics,166,Return,return,0
data/source/CIEL_OMEGA_COMPLETE_SYSTEM/ciel_omega/constraints/euler_constraint.py,_sector_metrics,160,Subscript,subscript,0
data/source/CIEL_OMEGA_COMPLETE_SYSTEM/ciel_omega/constraints/euler_constraint.py,_pairwise_tension,169,arguments,arguments,0
data/source/CIEL_OMEGA_COMPLETE_SYSTEM/ciel_omega/constraints/euler_constraint.py,_pairwise_tension,170,Assign,assign,0
data/source/CIEL_OMEGA_COMPLETE_SYSTEM/ciel_omega/constraints/euler_constraint.py,_pairwise_tension,171,Assign,assign,0
data/source/CIEL_OMEGA_COMPLETE_SYSTEM/ciel_omega/constraints/euler_constraint.py,_pairwise_tension,172,AnnAssign,annassign,0
data/source/CIEL_OMEGA_COMPLETE_SYSTEM/ciel_omega/constraints/euler_constraint.py,_pairwise_tension,173,For,for,0
data/source/CIEL_OMEGA_COMPLETE_SYSTEM/ciel_omega/constraints/euler_constraint.py,_pairwise_tension,178,Return,return,0
data/source/CIEL_OMEGA_COMPLETE_SYSTEM/ciel_omega/constraints/euler_constraint.py,_pairwise_tension,169,Subscript,subscript,0
data/source/CIEL_OMEGA_COMPLETE_SYSTEM/ciel_omega/constraints/euler_constraint.py,circular_target_phase,181,arguments,arguments,0
data/source/CIEL_OMEGA_COMPLETE_SYSTEM/ciel_omega/constraints/euler_constraint.py,circular_target_phase,184,Assign,assign,0
data/source/CIEL_OMEGA_COMPLETE_SYSTEM/ciel_omega/constraints/euler_constraint.py,circular_target_phase,185,Assign,assign,0
data/source/CIEL_OMEGA_COMPLETE_SYSTEM/ciel_omega/constraints/euler_constraint.py,circular_target_phase,186,For,for,0
data/source/CIEL_OMEGA_COMPLETE_SYSTEM/ciel_omega/constraints/euler_constraint.py,circular_target_phase,190,If,if,0
data/source/CIEL_OMEGA_COMPLETE_SYSTEM/ciel_omega/constraints/euler_constraint.py,circular_target_phase,192,Return,return,0
data/source/CIEL_OMEGA_COMPLETE_SYSTEM/ciel_omega/constraints/euler_constraint.py,circular_target_phase,183,Name,name,0
data/source/CIEL_OMEGA_COMPLETE_SYSTEM/ciel_omega/constraints/euler_constraint.py,regulation_strength,195,arguments,arguments,0
data/source/CIEL_OMEGA_COMPLETE_SYSTEM/ciel_omega/constraints/euler_constraint.py,regulation_strength,197,If,if,0
data/source/CIEL_OMEGA_COMPLETE_SYSTEM/ciel_omega/constraints/euler_constraint.py,regulation_strength,203,Assign,assign,0
data/source/CIEL_OMEGA_COMPLETE_SYSTEM/ciel_omega/constraints/euler_constraint.py,regulation_strength,204,Return,return,0
data/source/CIEL_OMEGA_COMPLETE_SYSTEM/ciel_omega/constraints/euler_constraint.py,regulation_strength,196,Name,name,0
data/source/CIEL_OMEGA_COMPLETE_SYSTEM/ciel_omega/constraints/euler_constraint.py,evaluate_unified_euler_constraint,207,arguments,arguments,1
data/source/CIEL_OMEGA_COMPLETE_SYSTEM/ciel_omega/constraints/euler_constraint.py,evaluate_unified_euler_constraint,214,Assign,assign,1
data/source/CIEL_OMEGA_COMPLETE_SYSTEM/ciel_omega/constraints/euler_constraint.py,evaluate_unified_euler_constraint,215,Assign,assign,1
data/source/CIEL_OMEGA_COMPLETE_SYSTEM/ciel_omega/constraints/euler_constraint.py,evaluate_unified_euler_constraint,216,Assign,assign,1
data/source/CIEL_OMEGA_COMPLETE_SYSTEM/ciel_omega/constraints/euler_constraint.py,evaluate_unified_euler_constraint,217,Assign,assign,1
data/source/CIEL_OMEGA_COMPLETE_SYSTEM/ciel_omega/constraints/euler_constraint.py,evaluate_unified_euler_constraint,218,Assign,assign,1
data/source/CIEL_OMEGA_COMPLETE_SYSTEM/ciel_omega/constraints/euler_constraint.py,evaluate_unified_euler_constraint,220,Assign,assign,1
data/source/CIEL_OMEGA_COMPLETE_SYSTEM/ciel_omega/constraints/euler_constraint.py,evaluate_unified_euler_constraint,227,Assign,assign,1
data/source/CIEL_OMEGA_COMPLETE_SYSTEM/ciel_omega/constraints/euler_constraint.py,evaluate_unified_euler_constraint,228,Assign,assign,1
data/source/CIEL_OMEGA_COMPLETE_SYSTEM/ciel_omega/constraints/euler_constraint.py,evaluate_unified_euler_constraint,230,Assign,assign,1
data/source/CIEL_OMEGA_COMPLETE_SYSTEM/ciel_omega/constraints/euler_constraint.py,evaluate_unified_euler_constraint,231,Assign,assign,1
data/source/CIEL_OMEGA_COMPLETE_SYSTEM/ciel_omega/constraints/euler_constraint.py,evaluate_unified_euler_constraint,232,Assign,assign,1
data/source/CIEL_OMEGA_COMPLETE_SYSTEM/ciel_omega/constraints/euler_constraint.py,evaluate_unified_euler_constraint,234,Assign,assign,1
data/source/CIEL_OMEGA_COMPLETE_SYSTEM/ciel_omega/constraints/euler_constraint.py,evaluate_unified_euler_constraint,235,Assign,assign,1
data/source/CIEL_OMEGA_COMPLETE_SYSTEM/ciel_omega/constraints/euler_constraint.py,evaluate_unified_euler_constraint,236,Assign,assign,1
data/source/CIEL_OMEGA_COMPLETE_SYSTEM/ciel_omega/constraints/euler_constraint.py,evaluate_unified_euler_constraint,237,Assign,assign,1
data/source/CIEL_OMEGA_COMPLETE_SYSTEM/ciel_omega/constraints/euler_constraint.py,evaluate_unified_euler_constraint,239,Assign,assign,1
data/source/CIEL_OMEGA_COMPLETE_SYSTEM/ciel_omega/constraints/euler_constraint.py,evaluate_unified_euler_constraint,246,Assign,assign,1
data/source/CIEL_OMEGA_COMPLETE_SYSTEM/ciel_omega/constraints/euler_constraint.py,evaluate_unified_euler_constraint,247,Assign,assign,1
data/source/CIEL_OMEGA_COMPLETE_SYSTEM/ciel_omega/constraints/euler_constraint.py,evaluate_unified_euler_constraint,248,Assign,assign,1
data/source/CIEL_OMEGA_COMPLETE_SYSTEM/ciel_omega/constraints/euler_constraint.py,evaluate_unified_euler_constraint,250,Return,return,1
data/source/CIEL_OMEGA_COMPLETE_SYSTEM/ciel_omega/constraints/euler_constraint.py,evaluate_unified_euler_constraint,213,Name,name,1
data/source/CIEL_OMEGA_COMPLETE_SYSTEM/ciel_omega/constraints/euler_constraint.py,_apply_phase_pull,273,arguments,arguments,0
data/source/CIEL_OMEGA_COMPLETE_SYSTEM/ciel_omega/constraints/euler_constraint.py,_apply_phase_pull,274,If,if,0
data/source/CIEL_OMEGA_COMPLETE_SYSTEM/ciel_omega/constraints/euler_constraint.py,_apply_phase_pull,276,Assign,assign,0
data/source/CIEL_OMEGA_COMPLETE_SYSTEM/ciel_omega/constraints/euler_constraint.py,_apply_phase_pull,277,Return,return,0
data/source/CIEL_OMEGA_COMPLETE_SYSTEM/ciel_omega/constraints/euler_constraint.py,_apply_phase_pull,273,Attribute,attribute,0
data/source/CIEL_OMEGA_COMPLETE_SYSTEM/ciel_omega/constraints/euler_constraint.py,apply_active_euler_feedback,280,arguments,arguments,1
data/source/CIEL_OMEGA_COMPLETE_SYSTEM/ciel_omega/constraints/euler_constraint.py,apply_active_euler_feedback,288,Expr,expr,1
data/source/CIEL_OMEGA_COMPLETE_SYSTEM/ciel_omega/constraints/euler_constraint.py,apply_active_euler_feedback,293,Assign,assign,1
data/source/CIEL_OMEGA_COMPLETE_SYSTEM/ciel_omega/constraints/euler_constraint.py,apply_active_euler_feedback,294,Assign,assign,1
data/source/CIEL_OMEGA_COMPLETE_SYSTEM/ciel_omega/constraints/euler_constraint.py,apply_active_euler_feedback,297,Assign,assign,1
data/source/CIEL_OMEGA_COMPLETE_SYSTEM/ciel_omega/constraints/euler_constraint.py,apply_active_euler_feedback,298,Assign,assign,1
data/source/CIEL_OMEGA_COMPLETE_SYSTEM/ciel_omega/constraints/euler_constraint.py,apply_active_euler_feedback,299,Assign,assign,1
data/source/CIEL_OMEGA_COMPLETE_SYSTEM/ciel_omega/constraints/euler_constraint.py,apply_active_euler_feedback,300,Assign,assign,1
data/source/CIEL_OMEGA_COMPLETE_SYSTEM/ciel_omega/constraints/euler_constraint.py,apply_active_euler_feedback,301,Assign,assign,1
data/source/CIEL_OMEGA_COMPLETE_SYSTEM/ciel_omega/constraints/euler_constraint.py,apply_active_euler_feedback,304,Assign,assign,1
data/source/CIEL_OMEGA_COMPLETE_SYSTEM/ciel_omega/constraints/euler_constraint.py,apply_active_euler_feedback,305,Assign,assign,1
data/source/CIEL_OMEGA_COMPLETE_SYSTEM/ciel_omega/constraints/euler_constraint.py,apply_active_euler_feedback,306,If,if,1
data/source/CIEL_OMEGA_COMPLETE_SYSTEM/ciel_omega/constraints/euler_constraint.py,apply_active_euler_feedback,310,For,for,1
data/source/CIEL_OMEGA_COMPLETE_SYSTEM/ciel_omega/constraints/euler_constraint.py,apply_active_euler_feedback,316,Assign,assign,1
data/source/CIEL_OMEGA_COMPLETE_SYSTEM/ciel_omega/constraints/euler_constraint.py,apply_active_euler_feedback,319,Assign,assign,1
data/source/CIEL_OMEGA_COMPLETE_SYSTEM/ciel_omega/constraints/euler_constraint.py,apply_active_euler_feedback,323,Assign,assign,1
data/source/CIEL_OMEGA_COMPLETE_SYSTEM/ciel_omega/constraints/euler_constraint.py,apply_active_euler_feedback,333,Assign,assign,1
data/source/CIEL_OMEGA_COMPLETE_SYSTEM/ciel_omega/constraints/euler_constraint.py,apply_active_euler_feedback,334,If,if,1
data/source/CIEL_OMEGA_COMPLETE_SYSTEM/ciel_omega/constraints/euler_constraint.py,apply_active_euler_feedback,344,Assign,assign,1
data/source/CIEL_OMEGA_COMPLETE_SYSTEM/ciel_omega/constraints/euler_constraint.py,apply_active_euler_feedback,345,Return,return,1
data/source/CIEL_OMEGA_COMPLETE_SYSTEM/ciel_omega/constraints/euler_constraint.py,apply_active_euler_feedback,287,Subscript,subscript,1
data/source/CIEL_OMEGA_COMPLETE_SYSTEM/ciel_omega/constraints/euler_constraint.py,as_dict,59,arguments,arguments,0
data/source/CIEL_OMEGA_COMPLETE_SYSTEM/ciel_omega/constraints/euler_constraint.py,as_dict,60,Return,return,0
data/source/CIEL_OMEGA_COMPLETE_SYSTEM/ciel_omega/constraints/euler_constraint.py,as_dict,59,Subscript,subscript,0
data/source/CIEL_OMEGA_COMPLETE_SYSTEM/ciel_omega/constraints/euler_constraint.py,euler_constraint_violation,24,arguments,arguments,0
data/source/CIEL_OMEGA_COMPLETE_SYSTEM/ciel_omega/constraints/euler_constraint.py,euler_constraint_violation,25,Assign,assign,0
data/source/CIEL_OMEGA_COMPLETE_SYSTEM/ciel_omega/constraints/euler_constraint.py,euler_constraint_violation,26,If,if,0
data/source/CIEL_OMEGA_COMPLETE_SYSTEM/ciel_omega/constraints/euler_constraint.py,euler_constraint_violation,28,Return,return,0
data/source/CIEL_OMEGA_COMPLETE_SYSTEM/ciel_omega/constraints/euler_constraint.py,euler_constraint_violation,24,Name,name,0
data/source/CIEL_OMEGA_COMPLETE_SYSTEM/ciel_omega/constraints/euler_constraint.py,phase_sector,30,arguments,arguments,0
data/source/CIEL_OMEGA_COMPLETE_SYSTEM/ciel_omega/constraints/euler_constraint.py,phase_sector,31,Assign,assign,0
data/source/CIEL_OMEGA_COMPLETE_SYSTEM/ciel_omega/constraints/euler_constraint.py,phase_sector,32,If,if,0
data/source/CIEL_OMEGA_COMPLETE_SYSTEM/ciel_omega/constraints/euler_constraint.py,phase_sector,34,Return,return,0
data/source/CIEL_OMEGA_COMPLETE_SYSTEM/ciel_omega/constraints/euler_constraint.py,phase_sector,30,Name,name,0
data/source/CIEL_OMEGA_COMPLETE_SYSTEM/ciel_omega/phase_equation_of_motion.py,delta_H,45,arguments,arguments,1
data/source/CIEL_OMEGA_COMPLETE_SYSTEM/ciel_omega/phase_equation_of_motion.py,delta_H,46,Expr,expr,1
data/source/CIEL_OMEGA_COMPLETE_SYSTEM/ciel_omega/phase_equation_of_motion.py,delta_H,47,Return,return,1
data/source/CIEL_OMEGA_COMPLETE_SYSTEM/ciel_omega/phase_equation_of_motion.py,delta_H,45,Name,name,1
data/source/CIEL_OMEGA_COMPLETE_SYSTEM/ciel_omega/phase_equation_of_motion.py,R_H,50,arguments,arguments,1
data/source/CIEL_OMEGA_COMPLETE_SYSTEM/ciel_omega/phase_equation_of_motion.py,R_H,51,Expr,expr,1
data/source/CIEL_OMEGA_COMPLETE_SYSTEM/ciel_omega/phase_equation_of_motion.py,R_H,52,Return,return,1
data/source/CIEL_OMEGA_COMPLETE_SYSTEM/ciel_omega/phase_equation_of_motion.py,R_H,50,Name,name,1
data/source/CIEL_OMEGA_COMPLETE_SYSTEM/ciel_omega/phase_equation_of_motion.py,dR_H_dgamma,55,arguments,arguments,0
data/source/CIEL_OMEGA_COMPLETE_SYSTEM/ciel_omega/phase_equation_of_motion.py,dR_H_dgamma,56,Expr,expr,0
data/source/CIEL_OMEGA_COMPLETE_SYSTEM/ciel_omega/phase_equation_of_motion.py,dR_H_dgamma,67,Assign,assign,0
data/source/CIEL_OMEGA_COMPLETE_SYSTEM/ciel_omega/phase_equation_of_motion.py,dR_H_dgamma,68,Assign,assign,0
data/source/CIEL_OMEGA_COMPLETE_SYSTEM/ciel_omega/phase_equation_of_motion.py,dR_H_dgamma,69,Return,return,0
data/source/CIEL_OMEGA_COMPLETE_SYSTEM/ciel_omega/phase_equation_of_motion.py,dR_H_dgamma,55,Attribute,attribute,0
data/source/CIEL_OMEGA_COMPLETE_SYSTEM/ciel_omega/phase_equation_of_motion.py,V_information,75,arguments,arguments,1
data/source/CIEL_OMEGA_COMPLETE_SYSTEM/ciel_omega/phase_equation_of_motion.py,V_information,76,Expr,expr,1
data/source/CIEL_OMEGA_COMPLETE_SYSTEM/ciel_omega/phase_equation_of_motion.py,V_information,98,Assign,assign,1
data/source/CIEL_OMEGA_COMPLETE_SYSTEM/ciel_omega/phase_equation_of_motion.py,V_information,99,Assign,assign,1
data/source/CIEL_OMEGA_COMPLETE_SYSTEM/ciel_omega/phase_equation_of_motion.py,V_information,100,Return,return,1
data/source/CIEL_OMEGA_COMPLETE_SYSTEM/ciel_omega/phase_equation_of_motion.py,V_information,75,Name,name,1
data/source/CIEL_OMEGA_COMPLETE_SYSTEM/ciel_omega/phase_equation_of_motion.py,dV_I_dgamma,103,arguments,arguments,0
data/source/CIEL_OMEGA_COMPLETE_SYSTEM/ciel_omega/phase_equation_of_motion.py,dV_I_dgamma,104,Expr,expr,0
data/source/CIEL_OMEGA_COMPLETE_SYSTEM/ciel_omega/phase_equation_of_motion.py,dV_I_dgamma,111,Assign,assign,0
data/source/CIEL_OMEGA_COMPLETE_SYSTEM/ciel_omega/phase_equation_of_motion.py,dV_I_dgamma,112,Assign,assign,0
data/source/CIEL_OMEGA_COMPLETE_SYSTEM/ciel_omega/phase_equation_of_motion.py,dV_I_dgamma,113,Assign,assign,0
data/source/CIEL_OMEGA_COMPLETE_SYSTEM/ciel_omega/phase_equation_of_motion.py,dV_I_dgamma,114,Assign,assign,0
data/source/CIEL_OMEGA_COMPLETE_SYSTEM/ciel_omega/phase_equation_of_motion.py,dV_I_dgamma,115,Assign,assign,0
data/source/CIEL_OMEGA_COMPLETE_SYSTEM/ciel_omega/phase_equation_of_motion.py,dV_I_dgamma,117,Assign,assign,0
data/source/CIEL_OMEGA_COMPLETE_SYSTEM/ciel_omega/phase_equation_of_motion.py,dV_I_dgamma,118,AugAssign,augassign,0
data/source/CIEL_OMEGA_COMPLETE_SYSTEM/ciel_omega/phase_equation_of_motion.py,dV_I_dgamma,119,Return,return,0
data/source/CIEL_OMEGA_COMPLETE_SYSTEM/ciel_omega/phase_equation_of_motion.py,dV_I_dgamma,103,Attribute,attribute,0
data/source/CIEL_OMEGA_COMPLETE_SYSTEM/ciel_omega/phase_equation_of_motion.py,V_deformation,122,arguments,arguments,0
data/source/CIEL_OMEGA_COMPLETE_SYSTEM/ciel_omega/phase_equation_of_motion.py,V_deformation,123,Expr,expr,0
data/source/CIEL_OMEGA_COMPLETE_SYSTEM/ciel_omega/phase_equation_of_motion.py,V_deformation,130,Return,return,0
data/source/CIEL_OMEGA_COMPLETE_SYSTEM/ciel_omega/phase_equation_of_motion.py,V_deformation,122,Name,name,0
data/source/CIEL_OMEGA_COMPLETE_SYSTEM/ciel_omega/phase_equation_of_motion.py,V_total,133,arguments,arguments,0
data/source/CIEL_OMEGA_COMPLETE_SYSTEM/ciel_omega/phase_equation_of_motion.py,V_total,136,Expr,expr,0
data/source/CIEL_OMEGA_COMPLETE_SYSTEM/ciel_omega/phase_equation_of_motion.py,V_total,137,Return,return,0
data/source/CIEL_OMEGA_COMPLETE_SYSTEM/ciel_omega/phase_equation_of_motion.py,V_total,135,Name,name,0
data/source/CIEL_OMEGA_COMPLETE_SYSTEM/ciel_omega/phase_equation_of_motion.py,dV_total_dgamma,142,arguments,arguments,0
data/source/CIEL_OMEGA_COMPLETE_SYSTEM/ciel_omega/phase_equation_of_motion.py,dV_total_dgamma,144,Expr,expr,0
data/source/CIEL_OMEGA_COMPLETE_SYSTEM/ciel_omega/phase_equation_of_motion.py,dV_total_dgamma,149,Return,return,0
data/source/CIEL_OMEGA_COMPLETE_SYSTEM/ciel_omega/phase_equation_of_motion.py,dV_total_dgamma,143,Attribute,attribute,0
data/source/CIEL_OMEGA_COMPLETE_SYSTEM/ciel_omega/phase_equation_of_motion.py,white_thread_current,156,arguments,arguments,0
data/source/CIEL_OMEGA_COMPLETE_SYSTEM/ciel_omega/phase_equation_of_motion.py,white_thread_current,161,Expr,expr,0
data/source/CIEL_OMEGA_COMPLETE_SYSTEM/ciel_omega/phase_equation_of_motion.py,white_thread_current,178,Assign,assign,0
data/source/CIEL_OMEGA_COMPLETE_SYSTEM/ciel_omega/phase_equation_of_motion.py,white_thread_current,179,If,if,0
data/source/CIEL_OMEGA_COMPLETE_SYSTEM/ciel_omega/phase_equation_of_motion.py,white_thread_current,184,Assign,assign,0
data/source/CIEL_OMEGA_COMPLETE_SYSTEM/ciel_omega/phase_equation_of_motion.py,white_thread_current,185,For,for,0
data/source/CIEL_OMEGA_COMPLETE_SYSTEM/ciel_omega/phase_equation_of_motion.py,white_thread_current,191,Return,return,0
data/source/CIEL_OMEGA_COMPLETE_SYSTEM/ciel_omega/phase_equation_of_motion.py,white_thread_current,160,Attribute,attribute,0
data/source/CIEL_OMEGA_COMPLETE_SYSTEM/ciel_omega/phase_equation_of_motion.py,white_thread_zeta_weighted,198,arguments,arguments,0
data/source/CIEL_OMEGA_COMPLETE_SYSTEM/ciel_omega/phase_equation_of_motion.py,white_thread_zeta_weighted,204,Expr,expr,0
data/source/CIEL_OMEGA_COMPLETE_SYSTEM/ciel_omega/phase_equation_of_motion.py,white_thread_zeta_weighted,215,Assign,assign,0
data/source/CIEL_OMEGA_COMPLETE_SYSTEM/ciel_omega/phase_equation_of_motion.py,white_thread_zeta_weighted,216,Assign,assign,0
data/source/CIEL_OMEGA_COMPLETE_SYSTEM/ciel_omega/phase_equation_of_motion.py,white_thread_zeta_weighted,217,Assign,assign,0
data/source/CIEL_OMEGA_COMPLETE_SYSTEM/ciel_omega/phase_equation_of_motion.py,white_thread_zeta_weighted,218,If,if,0
data/source/CIEL_OMEGA_COMPLETE_SYSTEM/ciel_omega/phase_equation_of_motion.py,white_thread_zeta_weighted,220,Assign,assign,0
data/source/CIEL_OMEGA_COMPLETE_SYSTEM/ciel_omega/phase_equation_of_motion.py,white_thread_zeta_weighted,221,Return,return,0
data/source/CIEL_OMEGA_COMPLETE_SYSTEM/ciel_omega/phase_equation_of_motion.py,white_thread_zeta_weighted,203,Attribute,attribute,0
data/source/CIEL_OMEGA_COMPLETE_SYSTEM/ciel_omega/phase_equation_of_motion.py,make_zeta_wt_fn,224,arguments,arguments,0
data/source/CIEL_OMEGA_COMPLETE_SYSTEM/ciel_omega/phase_equation_of_motion.py,make_zeta_wt_fn,225,Expr,expr,0
data/source/CIEL_OMEGA_COMPLETE_SYSTEM/ciel_omega/phase_equation_of_motion.py,make_zeta_wt_fn,230,FunctionDef,functiondef,0
data/source/CIEL_OMEGA_COMPLETE_SYSTEM/ciel_omega/phase_equation_of_motion.py,make_zeta_wt_fn,232,Return,return,0
data/source/CIEL_OMEGA_COMPLETE_SYSTEM/ciel_omega/phase_equation_of_motion.py,collatz_sequence,234,arguments,arguments,0
data/source/CIEL_OMEGA_COMPLETE_SYSTEM/ciel_omega/phase_equation_of_motion.py,collatz_sequence,235,Expr,expr,0
data/source/CIEL_OMEGA_COMPLETE_SYSTEM/ciel_omega/phase_equation_of_motion.py,collatz_sequence,236,Assign,assign,0
data/source/CIEL_OMEGA_COMPLETE_SYSTEM/ciel_omega/phase_equation_of_motion.py,collatz_sequence,237,Assign,assign,0
data/source/CIEL_OMEGA_COMPLETE_SYSTEM/ciel_omega/phase_equation_of_motion.py,collatz_sequence,238,For,for,0
data/source/CIEL_OMEGA_COMPLETE_SYSTEM/ciel_omega/phase_equation_of_motion.py,collatz_sequence,243,Return,return,0
data/source/CIEL_OMEGA_COMPLETE_SYSTEM/ciel_omega/phase_equation_of_motion.py,collatz_sequence,234,Attribute,attribute,0
data/source/CIEL_OMEGA_COMPLETE_SYSTEM/ciel_omega/phase_equation_of_motion.py,collatz_rhythm,246,arguments,arguments,0
data/source/CIEL_OMEGA_COMPLETE_SYSTEM/ciel_omega/phase_equation_of_motion.py,collatz_rhythm,247,Expr,expr,0
data/source/CIEL_OMEGA_COMPLETE_SYSTEM/ciel_omega/phase_equation_of_motion.py,collatz_rhythm,248,Assign,assign,0
data/source/CIEL_OMEGA_COMPLETE_SYSTEM/ciel_omega/phase_equation_of_motion.py,collatz_rhythm,249,For,for,0
data/source/CIEL_OMEGA_COMPLETE_SYSTEM/ciel_omega/phase_equation_of_motion.py,collatz_rhythm,251,Return,return,0
data/source/CIEL_OMEGA_COMPLETE_SYSTEM/ciel_omega/phase_equation_of_motion.py,collatz_rhythm,246,Attribute,attribute,0
data/source/CIEL_OMEGA_COMPLETE_SYSTEM/ciel_omega/phase_equation_of_motion.py,collatz_forcing,254,arguments,arguments,0
data/source/CIEL_OMEGA_COMPLETE_SYSTEM/ciel_omega/phase_equation_of_motion.py,collatz_forcing,260,Expr,expr,0
data/source/CIEL_OMEGA_COMPLETE_SYSTEM/ciel_omega/phase_equation_of_motion.py,collatz_forcing,270,Return,return,0
data/source/CIEL_OMEGA_COMPLETE_SYSTEM/ciel_omega/phase_equation_of_motion.py,collatz_forcing,259,Attribute,attribute,0
data/source/CIEL_OMEGA_COMPLETE_SYSTEM/ciel_omega/phase_equation_of_motion.py,acceleration,277,arguments,arguments,0
data/source/CIEL_OMEGA_COMPLETE_SYSTEM/ciel_omega/phase_equation_of_motion.py,acceleration,294,Expr,expr,0
data/source/CIEL_OMEGA_COMPLETE_SYSTEM/ciel_omega/phase_equation_of_motion.py,acceleration,302,Assign,assign,0
data/source/CIEL_OMEGA_COMPLETE_SYSTEM/ciel_omega/phase_equation_of_motion.py,acceleration,303,Assign,assign,0
data/source/CIEL_OMEGA_COMPLETE_SYSTEM/ciel_omega/phase_equation_of_motion.py,acceleration,304,Assign,assign,0
data/source/CIEL_OMEGA_COMPLETE_SYSTEM/ciel_omega/phase_equation_of_motion.py,acceleration,308,Assign,assign,0
data/source/CIEL_OMEGA_COMPLETE_SYSTEM/ciel_omega/phase_equation_of_motion.py,acceleration,309,For,for,0
data/source/CIEL_OMEGA_COMPLETE_SYSTEM/ciel_omega/phase_equation_of_motion.py,acceleration,314,Assign,assign,0
data/source/CIEL_OMEGA_COMPLETE_SYSTEM/ciel_omega/phase_equation_of_motion.py,acceleration,316,If,if,0
data/source/CIEL_OMEGA_COMPLETE_SYSTEM/ciel_omega/phase_equation_of_motion.py,acceleration,321,Assign,assign,0
data/source/CIEL_OMEGA_COMPLETE_SYSTEM/ciel_omega/phase_equation_of_motion.py,acceleration,322,Assign,assign,0
data/source/CIEL_OMEGA_COMPLETE_SYSTEM/ciel_omega/phase_equation_of_motion.py,acceleration,324,If,if,0
data/source/CIEL_OMEGA_COMPLETE_SYSTEM/ciel_omega/phase_equation_of_motion.py,acceleration,326,Return,return,0
data/source/CIEL_OMEGA_COMPLETE_SYSTEM/ciel_omega/phase_equation_of_motion.py,acceleration,293,BinOp,binop,0
data/source/CIEL_OMEGA_COMPLETE_SYSTEM/ciel_omega/phase_equation_of_motion.py,wrap_angle,542,arguments,arguments,0
data/source/CIEL_OMEGA_COMPLETE_SYSTEM/ciel_omega/phase_equation_of_motion.py,wrap_angle,543,Expr,expr,0
data/source/CIEL_OMEGA_COMPLETE_SYSTEM/ciel_omega/phase_equation_of_motion.py,wrap_angle,544,Return,return,0
data/source/CIEL_OMEGA_COMPLETE_SYSTEM/ciel_omega/phase_equation_of_motion.py,heisenberg_load,547,arguments,arguments,0
data/source/CIEL_OMEGA_COMPLETE_SYSTEM/ciel_omega/phase_equation_of_motion.py,heisenberg_load,551,Expr,expr,0
data/source/CIEL_OMEGA_COMPLETE_SYSTEM/ciel_omega/phase_equation_of_motion.py,heisenberg_load,568,Assign,assign,0
data/source/CIEL_OMEGA_COMPLETE_SYSTEM/ciel_omega/phase_equation_of_motion.py,heisenberg_load,570,If,if,0
data/source/CIEL_OMEGA_COMPLETE_SYSTEM/ciel_omega/phase_equation_of_motion.py,heisenberg_load,575,Assign,assign,0
data/source/CIEL_OMEGA_COMPLETE_SYSTEM/ciel_omega/phase_equation_of_motion.py,heisenberg_load,576,Assign,assign,0
data/source/CIEL_OMEGA_COMPLETE_SYSTEM/ciel_omega/phase_equation_of_motion.py,heisenberg_load,578,Assign,assign,0
data/source/CIEL_OMEGA_COMPLETE_SYSTEM/ciel_omega/phase_equation_of_motion.py,heisenberg_load,579,Assign,assign,0
data/source/CIEL_OMEGA_COMPLETE_SYSTEM/ciel_omega/phase_equation_of_motion.py,heisenberg_load,580,Return,return,0
data/source/CIEL_OMEGA_COMPLETE_SYSTEM/ciel_omega/phase_equation_of_motion.py,heisenberg_load,550,Subscript,subscript,0
data/source/CIEL_OMEGA_COMPLETE_SYSTEM/ciel_omega/phase_equation_of_motion.py,fermion_lock_score,583,arguments,arguments,0
data/source/CIEL_OMEGA_COMPLETE_SYSTEM/ciel_omega/phase_equation_of_motion.py,fermion_lock_score,585,Expr,expr,0
data/source/CIEL_OMEGA_COMPLETE_SYSTEM/ciel_omega/phase_equation_of_motion.py,fermion_lock_score,597,Assign,assign,0
data/source/CIEL_OMEGA_COMPLETE_SYSTEM/ciel_omega/phase_equation_of_motion.py,fermion_lock_score,598,If,if,0
data/source/CIEL_OMEGA_COMPLETE_SYSTEM/ciel_omega/phase_equation_of_motion.py,fermion_lock_score,605,Assign,assign,0
data/source/CIEL_OMEGA_COMPLETE_SYSTEM/ciel_omega/phase_equation_of_motion.py,fermion_lock_score,606,Assign,assign,0
data/source/CIEL_OMEGA_COMPLETE_SYSTEM/ciel_omega/phase_equation_of_motion.py,fermion_lock_score,607,Return,return,0
data/source/CIEL_OMEGA_COMPLETE_SYSTEM/ciel_omega/phase_equation_of_motion.py,fermion_lock_score,584,Subscript,subscript,0
data/source/CIEL_OMEGA_COMPLETE_SYSTEM/ciel_omega/phase_equation_of_motion.py,phase_sector,626,arguments,arguments,0
data/source/CIEL_OMEGA_COMPLETE_SYSTEM/ciel_omega/phase_equation_of_motion.py,phase_sector,627,Expr,expr,0
data/source/CIEL_OMEGA_COMPLETE_SYSTEM/ciel_omega/phase_equation_of_motion.py,phase_sector,640,Return,return,0
data/source/CIEL_OMEGA_COMPLETE_SYSTEM/ciel_omega/phase_equation_of_motion.py,phase_sector,626,Name,name,0
data/source/CIEL_OMEGA_COMPLETE_SYSTEM/ciel_omega/phase_equation_of_motion.py,euler_constraint_violation,643,arguments,arguments,0
data/source/CIEL_OMEGA_COMPLETE_SYSTEM/ciel_omega/phase_equation_of_motion.py,euler_constraint_violation,644,Expr,expr,0
data/source/CIEL_OMEGA_COMPLETE_SYSTEM/ciel_omega/phase_equation_of_motion.py,euler_constraint_violation,651,Assign,assign,0
data/source/CIEL_OMEGA_COMPLETE_SYSTEM/ciel_omega/phase_equation_of_motion.py,euler_constraint_violation,652,Return,return,0
data/source/CIEL_OMEGA_COMPLETE_SYSTEM/ciel_omega/phase_equation_of_motion.py,euler_constraint_violation,643,Name,name,0
data/source/CIEL_OMEGA_COMPLETE_SYSTEM/ciel_omega/phase_equation_of_motion.py,power_balance,659,arguments,arguments,0
data/source/CIEL_OMEGA_COMPLETE_SYSTEM/ciel_omega/phase_equation_of_motion.py,power_balance,667,Expr,expr,0
data/source/CIEL_OMEGA_COMPLETE_SYSTEM/ciel_omega/phase_equation_of_motion.py,power_balance,678,Assign,assign,0
data/source/CIEL_OMEGA_COMPLETE_SYSTEM/ciel_omega/phase_equation_of_motion.py,power_balance,679,Assign,assign,0
data/source/CIEL_OMEGA_COMPLETE_SYSTEM/ciel_omega/phase_equation_of_motion.py,power_balance,680,Assign,assign,0
data/source/CIEL_OMEGA_COMPLETE_SYSTEM/ciel_omega/phase_equation_of_motion.py,power_balance,681,Assign,assign,0
data/source/CIEL_OMEGA_COMPLETE_SYSTEM/ciel_omega/phase_equation_of_motion.py,power_balance,682,Assign,assign,0
data/source/CIEL_OMEGA_COMPLETE_SYSTEM/ciel_omega/phase_equation_of_motion.py,power_balance,684,Return,return,0
data/source/CIEL_OMEGA_COMPLETE_SYSTEM/ciel_omega/phase_equation_of_motion.py,power_balance,666,Subscript,subscript,0
data/source/CIEL_OMEGA_COMPLETE_SYSTEM/ciel_omega/phase_equation_of_motion.py,zeta_selection,698,arguments,arguments,0
data/source/CIEL_OMEGA_COMPLETE_SYSTEM/ciel_omega/phase_equation_of_motion.py,zeta_selection,699,Expr,expr,0
data/source/CIEL_OMEGA_COMPLETE_SYSTEM/ciel_omega/phase_equation_of_motion.py,zeta_selection,711,Assign,assign,0
data/source/CIEL_OMEGA_COMPLETE_SYSTEM/ciel_omega/phase_equation_of_motion.py,zeta_selection,712,Assign,assign,0
data/source/CIEL_OMEGA_COMPLETE_SYSTEM/ciel_omega/phase_equation_of_motion.py,zeta_selection,713,For,for,0
data/source/CIEL_OMEGA_COMPLETE_SYSTEM/ciel_omega/phase_equation_of_motion.py,zeta_selection,722,Return,return,0
data/source/CIEL_OMEGA_COMPLETE_SYSTEM/ciel_omega/phase_equation_of_motion.py,zeta_selection,698,Attribute,attribute,0
data/source/CIEL_OMEGA_COMPLETE_SYSTEM/ciel_omega/phase_equation_of_motion.py,zeta_schrodinger_anomaly,725,arguments,arguments,0
data/source/CIEL_OMEGA_COMPLETE_SYSTEM/ciel_omega/phase_equation_of_motion.py,zeta_schrodinger_anomaly,730,Expr,expr,0
data/source/CIEL_OMEGA_COMPLETE_SYSTEM/ciel_omega/phase_equation_of_motion.py,zeta_schrodinger_anomaly,751,Assign,assign,0
data/source/CIEL_OMEGA_COMPLETE_SYSTEM/ciel_omega/phase_equation_of_motion.py,zeta_schrodinger_anomaly,754,Assign,assign,0
data/source/CIEL_OMEGA_COMPLETE_SYSTEM/ciel_omega/phase_equation_of_motion.py,zeta_schrodinger_anomaly,755,Assign,assign,0
data/source/CIEL_OMEGA_COMPLETE_SYSTEM/ciel_omega/phase_equation_of_motion.py,zeta_schrodinger_anomaly,756,For,for,0
data/source/CIEL_OMEGA_COMPLETE_SYSTEM/ciel_omega/phase_equation_of_motion.py,zeta_schrodinger_anomaly,763,Assign,assign,0
data/source/CIEL_OMEGA_COMPLETE_SYSTEM/ciel_omega/phase_equation_of_motion.py,zeta_schrodinger_anomaly,764,Return,return,0
data/source/CIEL_OMEGA_COMPLETE_SYSTEM/ciel_omega/phase_equation_of_motion.py,zeta_schrodinger_anomaly,729,Name,name,0
data/source/CIEL_OMEGA_COMPLETE_SYSTEM/ciel_omega/phase_equation_of_motion.py,demo,771,arguments,arguments,0
data/source/CIEL_OMEGA_COMPLETE_SYSTEM/ciel_omega/phase_equation_of_motion.py,demo,772,Expr,expr,0
data/source/CIEL_OMEGA_COMPLETE_SYSTEM/ciel_omega/phase_equation_of_motion.py,demo,773,Expr,expr,0
data/source/CIEL_OMEGA_COMPLETE_SYSTEM/ciel_omega/phase_equation_of_motion.py,demo,774,Expr,expr,0
data/source/CIEL_OMEGA_COMPLETE_SYSTEM/ciel_omega/phase_equation_of_motion.py,demo,775,Expr,expr,0
data/source/CIEL_OMEGA_COMPLETE_SYSTEM/ciel_omega/phase_equation_of_motion.py,demo,776,Expr,expr,0
data/source/CIEL_OMEGA_COMPLETE_SYSTEM/ciel_omega/phase_equation_of_motion.py,demo,777,Expr,expr,0
data/source/CIEL_OMEGA_COMPLETE_SYSTEM/ciel_omega/phase_equation_of_motion.py,demo,778,Expr,expr,0
data/source/CIEL_OMEGA_COMPLETE_SYSTEM/ciel_omega/phase_equation_of_motion.py,demo,780,FunctionDef,functiondef,0
data/source/CIEL_OMEGA_COMPLETE_SYSTEM/ciel_omega/phase_equation_of_motion.py,demo,793,Assign,assign,0
data/source/CIEL_OMEGA_COMPLETE_SYSTEM/ciel_omega/phase_equation_of_motion.py,demo,798,Expr,expr,0
data/source/CIEL_OMEGA_COMPLETE_SYSTEM/ciel_omega/phase_equation_of_motion.py,demo,799,Expr,expr,0
data/source/CIEL_OMEGA_COMPLETE_SYSTEM/ciel_omega/phase_equation_of_motion.py,demo,802,Assign,assign,0
data/source/CIEL_OMEGA_COMPLETE_SYSTEM/ciel_omega/phase_equation_of_motion.py,demo,806,Assign,assign,0
data/source/CIEL_OMEGA_COMPLETE_SYSTEM/ciel_omega/phase_equation_of_motion.py,demo,807,Expr,expr,0
data/source/CIEL_OMEGA_COMPLETE_SYSTEM/ciel_omega/phase_equation_of_motion.py,demo,808,Expr,expr,0
data/source/CIEL_OMEGA_COMPLETE_SYSTEM/ciel_omega/phase_equation_of_motion.py,demo,811,Assign,assign,0
data/source/CIEL_OMEGA_COMPLETE_SYSTEM/ciel_omega/phase_equation_of_motion.py,demo,816,Assign,assign,0
data/source/CIEL_OMEGA_COMPLETE_SYSTEM/ciel_omega/phase_equation_of_motion.py,demo,817,Expr,expr,0
data/source/CIEL_OMEGA_COMPLETE_SYSTEM/ciel_omega/phase_equation_of_motion.py,demo,818,Expr,expr,0
data/source/CIEL_OMEGA_COMPLETE_SYSTEM/ciel_omega/phase_equation_of_motion.py,demo,821,Expr,expr,0
data/source/CIEL_OMEGA_COMPLETE_SYSTEM/ciel_omega/phase_equation_of_motion.py,demo,822,Assign,assign,0
data/source/CIEL_OMEGA_COMPLETE_SYSTEM/ciel_omega/phase_equation_of_motion.py,demo,828,Expr,expr,0
data/source/CIEL_OMEGA_COMPLETE_SYSTEM/ciel_omega/phase_equation_of_motion.py,demo,829,Expr,expr,0
data/source/CIEL_OMEGA_COMPLETE_SYSTEM/ciel_omega/phase_equation_of_motion.py,demo,830,Expr,expr,0
data/source/CIEL_OMEGA_COMPLETE_SYSTEM/ciel_omega/phase_equation_of_motion.py,demo,831,Expr,expr,0
data/source/CIEL_OMEGA_COMPLETE_SYSTEM/ciel_omega/phase_equation_of_motion.py,demo,832,Expr,expr,0
data/source/CIEL_OMEGA_COMPLETE_SYSTEM/ciel_omega/phase_equation_of_motion.py,demo,833,Expr,expr,0
data/source/CIEL_OMEGA_COMPLETE_SYSTEM/ciel_omega/phase_equation_of_motion.py,demo,834,Expr,expr,0
data/source/CIEL_OMEGA_COMPLETE_SYSTEM/ciel_omega/phase_equation_of_motion.py,demo,836,Assign,assign,0
data/source/CIEL_OMEGA_COMPLETE_SYSTEM/ciel_omega/phase_equation_of_motion.py,demo,837,Assign,assign,0
data/source/CIEL_OMEGA_COMPLETE_SYSTEM/ciel_omega/phase_equation_of_motion.py,demo,838,Assign,assign,0
data/source/CIEL_OMEGA_COMPLETE_SYSTEM/ciel_omega/phase_equation_of_motion.py,demo,840,For,for,0
data/source/CIEL_OMEGA_COMPLETE_SYSTEM/ciel_omega/phase_equation_of_motion.py,demo,848,Expr,expr,0
data/source/CIEL_OMEGA_COMPLETE_SYSTEM/ciel_omega/phase_equation_of_motion.py,demo,849,Assign,assign,0
data/source/CIEL_OMEGA_COMPLETE_SYSTEM/ciel_omega/phase_equation_of_motion.py,demo,850,Assign,assign,0
data/source/CIEL_OMEGA_COMPLETE_SYSTEM/ciel_omega/phase_equation_of_motion.py,demo,851,Expr,expr,0
data/source/CIEL_OMEGA_COMPLETE_SYSTEM/ciel_omega/phase_equation_of_motion.py,demo,852,If,if,0
data/source/CIEL_OMEGA_COMPLETE_SYSTEM/ciel_omega/phase_equation_of_motion.py,demo,858,Expr,expr,0
data/source/CIEL_OMEGA_COMPLETE_SYSTEM/ciel_omega/phase_equation_of_motion.py,demo,859,Expr,expr,0
data/source/CIEL_OMEGA_COMPLETE_SYSTEM/ciel_omega/phase_equation_of_motion.py,demo,860,Expr,expr,0
data/source/CIEL_OMEGA_COMPLETE_SYSTEM/ciel_omega/phase_equation_of_motion.py,demo,861,Expr,expr,0
data/source/CIEL_OMEGA_COMPLETE_SYSTEM/ciel_omega/phase_equation_of_motion.py,demo,888,Expr,expr,0
data/source/CIEL_OMEGA_COMPLETE_SYSTEM/ciel_omega/phase_equation_of_motion.py,_wt,230,arguments,arguments,0
data/source/CIEL_OMEGA_COMPLETE_SYSTEM/ciel_omega/phase_equation_of_motion.py,_wt,231,Return,return,0
data/source/CIEL_OMEGA_COMPLETE_SYSTEM/ciel_omega/phase_equation_of_motion.py,__post_init__,381,arguments,arguments,0
data/source/CIEL_OMEGA_COMPLETE_SYSTEM/ciel_omega/phase_equation_of_motion.py,__post_init__,382,Assign,assign,0
data/source/CIEL_OMEGA_COMPLETE_SYSTEM/ciel_omega/phase_equation_of_motion.py,__post_init__,383,Assign,assign,0
data/source/CIEL_OMEGA_COMPLETE_SYSTEM/ciel_omega/phase_equation_of_motion.py,__post_init__,384,Assign,assign,0
data/source/CIEL_OMEGA_COMPLETE_SYSTEM/ciel_omega/phase_equation_of_motion.py,__post_init__,386,Assign,assign,0
data/source/CIEL_OMEGA_COMPLETE_SYSTEM/ciel_omega/phase_equation_of_motion.py,__post_init__,387,For,for,0
data/source/CIEL_OMEGA_COMPLETE_SYSTEM/ciel_omega/phase_equation_of_motion.py,__post_init__,393,Assign,assign,0
data/source/CIEL_OMEGA_COMPLETE_SYSTEM/ciel_omega/phase_equation_of_motion.py,_collatz_at,395,arguments,arguments,0
data/source/CIEL_OMEGA_COMPLETE_SYSTEM/ciel_omega/phase_equation_of_motion.py,_collatz_at,396,Expr,expr,0
data/source/CIEL_OMEGA_COMPLETE_SYSTEM/ciel_omega/phase_equation_of_motion.py,_collatz_at,397,Assign,assign,0
data/source/CIEL_OMEGA_COMPLETE_SYSTEM/ciel_omega/phase_equation_of_motion.py,_collatz_at,398,Return,return,0
data/source/CIEL_OMEGA_COMPLETE_SYSTEM/ciel_omega/phase_equation_of_motion.py,_collatz_at,395,Subscript,subscript,0
data/source/CIEL_OMEGA_COMPLETE_SYSTEM/ciel_omega/phase_equation_of_motion.py,step,400,arguments,arguments,0
data/source/CIEL_OMEGA_COMPLETE_SYSTEM/ciel_omega/phase_equation_of_motion.py,step,401,Expr,expr,0
data/source/CIEL_OMEGA_COMPLETE_SYSTEM/ciel_omega/phase_equation_of_motion.py,step,406,Assign,assign,0
data/source/CIEL_OMEGA_COMPLETE_SYSTEM/ciel_omega/phase_equation_of_motion.py,step,407,Assign,assign,0
data/source/CIEL_OMEGA_COMPLETE_SYSTEM/ciel_omega/phase_equation_of_motion.py,step,409,Assign,assign,0
data/source/CIEL_OMEGA_COMPLETE_SYSTEM/ciel_omega/phase_equation_of_motion.py,step,419,Assign,assign,0
data/source/CIEL_OMEGA_COMPLETE_SYSTEM/ciel_omega/phase_equation_of_motion.py,step,421,Assign,assign,0
data/source/CIEL_OMEGA_COMPLETE_SYSTEM/ciel_omega/phase_equation_of_motion.py,step,424,Assign,assign,0
data/source/CIEL_OMEGA_COMPLETE_SYSTEM/ciel_omega/phase_equation_of_motion.py,step,427,Assign,assign,0
data/source/CIEL_OMEGA_COMPLETE_SYSTEM/ciel_omega/phase_equation_of_motion.py,step,428,Assign,assign,0
data/source/CIEL_OMEGA_COMPLETE_SYSTEM/ciel_omega/phase_equation_of_motion.py,step,431,Assign,assign,0
data/source/CIEL_OMEGA_COMPLETE_SYSTEM/ciel_omega/phase_equation_of_motion.py,step,432,Assign,assign,0
data/source/CIEL_OMEGA_COMPLETE_SYSTEM/ciel_omega/phase_equation_of_motion.py,step,435,Assign,assign,0
data/source/CIEL_OMEGA_COMPLETE_SYSTEM/ciel_omega/phase_equation_of_motion.py,step,438,Assign,assign,0
data/source/CIEL_OMEGA_COMPLETE_SYSTEM/ciel_omega/phase_equation_of_motion.py,step,442,Assign,assign,0
data/source/CIEL_OMEGA_COMPLETE_SYSTEM/ciel_omega/phase_equation_of_motion.py,step,443,Assign,assign,0
data/source/CIEL_OMEGA_COMPLETE_SYSTEM/ciel_omega/phase_equation_of_motion.py,step,444,AugAssign,augassign,0
data/source/CIEL_OMEGA_COMPLETE_SYSTEM/ciel_omega/phase_equation_of_motion.py,step,447,Assign,assign,0
data/source/CIEL_OMEGA_COMPLETE_SYSTEM/ciel_omega/phase_equation_of_motion.py,step,448,Assign,assign,0
data/source/CIEL_OMEGA_COMPLETE_SYSTEM/ciel_omega/phase_equation_of_motion.py,step,449,If,if,0
data/source/CIEL_OMEGA_COMPLETE_SYSTEM/ciel_omega/phase_equation_of_motion.py,step,464,Assign,assign,0
data/source/CIEL_OMEGA_COMPLETE_SYSTEM/ciel_omega/phase_equation_of_motion.py,step,467,Assign,assign,0
data/source/CIEL_OMEGA_COMPLETE_SYSTEM/ciel_omega/phase_equation_of_motion.py,step,468,Assign,assign,0
data/source/CIEL_OMEGA_COMPLETE_SYSTEM/ciel_omega/phase_equation_of_motion.py,step,469,Assign,assign,0
data/source/CIEL_OMEGA_COMPLETE_SYSTEM/ciel_omega/phase_equation_of_motion.py,step,473,Assign,assign,0
data/source/CIEL_OMEGA_COMPLETE_SYSTEM/ciel_omega/phase_equation_of_motion.py,step,474,Assign,assign,0
data/source/CIEL_OMEGA_COMPLETE_SYSTEM/ciel_omega/phase_equation_of_motion.py,step,475,Assign,assign,0
data/source/CIEL_OMEGA_COMPLETE_SYSTEM/ciel_omega/phase_equation_of_motion.py,step,478,Assign,assign,0
data/source/CIEL_OMEGA_COMPLETE_SYSTEM/ciel_omega/phase_equation_of_motion.py,step,479,Assign,assign,0
data/source/CIEL_OMEGA_COMPLETE_SYSTEM/ciel_omega/phase_equation_of_motion.py,step,482,Assign,assign,0
data/source/CIEL_OMEGA_COMPLETE_SYSTEM/ciel_omega/phase_equation_of_motion.py,step,484,Assign,assign,0
data/source/CIEL_OMEGA_COMPLETE_SYSTEM/ciel_omega/phase_equation_of_motion.py,step,518,Expr,expr,0
data/source/CIEL_OMEGA_COMPLETE_SYSTEM/ciel_omega/phase_equation_of_motion.py,step,519,Return,return,0
data/source/CIEL_OMEGA_COMPLETE_SYSTEM/ciel_omega/phase_equation_of_motion.py,step,400,Subscript,subscript,0
data/source/CIEL_OMEGA_COMPLETE_SYSTEM/ciel_omega/phase_equation_of_motion.py,evolve,521,arguments,arguments,0
data/source/CIEL_OMEGA_COMPLETE_SYSTEM/ciel_omega/phase_equation_of_motion.py,evolve,522,For,for,0
data/source/CIEL_OMEGA_COMPLETE_SYSTEM/ciel_omega/phase_equation_of_motion.py,evolve,521,Constant,constant,0
data/source/CIEL_OMEGA_COMPLETE_SYSTEM/ciel_omega/phase_equation_of_motion.py,set_context_rotation,525,arguments,arguments,0
data/source/CIEL_OMEGA_COMPLETE_SYSTEM/ciel_omega/phase_equation_of_motion.py,set_context_rotation,526,Expr,expr,0
data/source/CIEL_OMEGA_COMPLETE_SYSTEM/ciel_omega/phase_equation_of_motion.py,set_context_rotation,527,Assign,assign,0
data/source/CIEL_OMEGA_COMPLETE_SYSTEM/ciel_omega/phase_equation_of_motion.py,set_context_rotation,525,Constant,constant,0
data/source/CIEL_OMEGA_COMPLETE_SYSTEM/ciel_omega/phase_equation_of_motion.py,set_truth_target,529,arguments,arguments,0
data/source/CIEL_OMEGA_COMPLETE_SYSTEM/ciel_omega/phase_equation_of_motion.py,set_truth_target,530,Expr,expr,0
data/source/CIEL_OMEGA_COMPLETE_SYSTEM/ciel_omega/phase_equation_of_motion.py,set_truth_target,531,Assign,assign,0
data/source/CIEL_OMEGA_COMPLETE_SYSTEM/ciel_omega/phase_equation_of_motion.py,set_truth_target,529,Constant,constant,0
data/source/CIEL_OMEGA_COMPLETE_SYSTEM/ciel_omega/phase_equation_of_motion.py,perturb_phase,533,arguments,arguments,0
data/source/CIEL_OMEGA_COMPLETE_SYSTEM/ciel_omega/phase_equation_of_motion.py,perturb_phase,534,Expr,expr,0
data/source/CIEL_OMEGA_COMPLETE_SYSTEM/ciel_omega/phase_equation_of_motion.py,perturb_phase,535,AugAssign,augassign,0
data/source/CIEL_OMEGA_COMPLETE_SYSTEM/ciel_omega/phase_equation_of_motion.py,perturb_phase,533,Constant,constant,0
data/source/CIEL_OMEGA_COMPLETE_SYSTEM/ciel_omega/phase_equation_of_motion.py,show_state,780,arguments,arguments,0
data/source/CIEL_OMEGA_COMPLETE_SYSTEM/ciel_omega/phase_equation_of_motion.py,show_state,781,Expr,expr,0
data/source/CIEL_OMEGA_COMPLETE_SYSTEM/ciel_omega/phase_equation_of_motion.py,show_state,782,For,for,0
