path,prov,role,type,size,lines,indeg,outdeg,pagerank,M_EC,M_ZS,M_sem,tau_local,orbit_index,w_seed
CIEL_OMEGA_COMPLETE_SYSTEM/ciel_omega/memory/base.py,canon,memory,python,9278,253.0,14,0,0.011472,0.62591,0.663588,0.642865,6.279,0,0.399
CIEL_NATIVE_SYSTEM_BLUEPRINT_v0.md,architecture,axiom,text,17527,693.0,0,0,0.0,0.671788,0.574288,0.627913,5.108,0,1.357
CIEL_OMEGA_COMPLETE_SYSTEM/ciel_omega/phase_equation_of_motion.py,canon,constraint,python,35749,892.0,1,0,0.003784,0.589869,0.666051,0.624151,5.392,0,0.875
01_CIEL_Orbital_Master_Plan.md,architecture,axiom,text,18855,430.0,0,0,0.0,0.665468,0.567968,0.621593,5.08,0,0.367
01_CIEL_Orbital_Master_Plan.yaml,architecture,axiom,text,19197,413.0,0,0,0.0,0.664935,0.567435,0.62106,5.077,0,1.044
01_MASTER_ARCHITECTURE_AND_PLAN.md,architecture,axiom,text,11215,404.0,0,0,0.0,0.664643,0.567143,0.620768,5.076,0,0.861
01_MASTER_ARCHITECTURE_AND_PLAN.yaml,architecture,axiom,text,11292,349.0,0,0,0.0,0.662707,0.565207,0.618832,5.067,0,1.265
CIEL_OMEGA_COMPLETE_SYSTEM/ciel_omega/memory/holonomy.py,canon,constraint,python,12033,341.0,3,4,0.003418,0.584933,0.6578,0.617723,5.403,0,0.53
CIEL_OMEGA_COMPLETE_SYSTEM/ciel_omega/vocabulary/core_concepts.py,canon,vocabulary,python,22345,783.0,5,0,0.00618,0.577069,0.666955,0.617518,5.611,0,1.317
CIEL_OMEGA_COMPLETE_SYSTEM/ciel_omega/memory/potential.py,canon,constraint,python,17256,461.0,2,5,0.003198,0.583823,0.657144,0.616817,5.357,0,0.272
CIEL_OMEGA_COMPLETE_SYSTEM/ciel_omega/constraints/euler_constraint.py,canon,constraint,python,14323,345.0,2,2,0.003488,0.580851,0.655037,0.614235,5.361,0,1.142
CIEL_OMEGA_COMPLETE_SYSTEM/CANONICAL_BUILD_MANIFEST.md,canon,axiom,text,3004,79.0,0,0,0.0,0.658129,0.558129,0.613129,5.109,0,1.462
CIEL_OMEGA_COMPLETE_SYSTEM/ciel_omega/holonomy_cosmic_seismic.py,canon,constraint,python,20166,576.0,0,0,0.002302,0.575206,0.648074,0.607997,5.21,0,0.958
CIEL_OMEGA_COMPLETE_SYSTEM/ciel_omega/MEMORY_SECTOR_MANIFEST.md,canon,axiom,text,1030,33.0,0,0,0.0,0.646778,0.546778,0.601778,5.058,0,0.026
CIEL_OMEGA_COMPLETE_SYSTEM/ciel_omega/ciel/llm_registry.py,canon,axiom,python,12548,390.0,1,5,0.002791,0.591949,0.599165,0.595196,5.208,0,1.24
CIEL_OMEGA_COMPLETE_SYSTEM/MERGE_MANIFEST.md,canon,axiom,text,846,19.0,0,0,0.0,0.639739,0.539739,0.594739,5.026,0,0.795
CIEL_OMEGA_COMPLETE_SYSTEM/ciel_omega/ethics/ethical_engine.py,canon,constraint,python,3222,100.0,0,0,0.002302,0.552089,0.624957,0.584879,5.106,0,0.987
CIEL_OMEGA_COMPLETE_SYSTEM/ciel_omega/vocabulary/field_dynamics.py,canon,vocabulary,python,12223,394.0,2,3,0.003341,0.546169,0.630916,0.584305,5.219,0,0.51
CIEL_OMEGA_COMPLETE_SYSTEM/ciel_omega/fields/intention_field.py,canon,constraint,python,1708,57.0,1,0,0.002954,0.551121,0.624825,0.584288,5.168,0,0.209
CIEL_OMEGA_COMPLETE_SYSTEM/ciel_omega/memory/coupling.py,canon,memory,python,12350,325.0,5,3,0.005283,0.570751,0.599959,0.583895,5.411,0,0.429
CIEL_OMEGA_COMPLETE_SYSTEM/ciel_omega/memory/episodic.py,canon,memory,python,12261,347.0,5,3,0.00434,0.568805,0.595201,0.580683,5.346,0,0.117
CIEL_OMEGA_COMPLETE_SYSTEM/ciel_omega/vocabulary/transcendent.py,canon,vocabulary,python,9504,256.0,2,3,0.003341,0.540468,0.625215,0.578604,5.193,0,0.719
CIEL_OMEGA_COMPLETE_SYSTEM/ciel_omega/vocabulary/extended_concepts.py,canon,vocabulary,python,8453,222.0,2,3,0.003341,0.538585,0.623332,0.576721,5.185,0,1.219
CIEL_OMEGA_COMPLETE_SYSTEM/ciel_omega/vocabulary.yaml,canon,vocabulary,text,25129,1076.0,0,0,0.0,0.540617,0.617617,0.575267,4.939,0,0.777
CIEL_OMEGA_COMPLETE_SYSTEM/ciel_omega/vocabulary/orchestrator.py,canon,runtime,python,16764,518.0,1,7,0.002979,0.560267,0.591546,0.574343,5.125,0,0.205
CIEL_OMEGA_COMPLETE_SYSTEM/ciel_omega/memory/orchestrator.py,canon,runtime,python,17533,373.0,2,15,0.002907,0.560151,0.590105,0.57363,5.148,0,0.737
CIEL_OMEGA_COMPLETE_SYSTEM/ciel_omega/runtime/agent/adam_core.py,canon,runtime,python,32772,813.0,0,0,0.002302,0.559771,0.590139,0.573437,5.054,0,0.076
CIEL_OMEGA_COMPLETE_SYSTEM/ciel_omega/vocabulary/planetary_archetypes.py,canon,axiom,python,8523,300.0,2,0,0.003341,0.694564,0.602311,0.57305,5.168,0,1.311
CIEL_OMEGA_COMPLETE_SYSTEM/ciel_omega/vocabulary_tools/resolver.py,canon,vocabulary,python,2561,74.0,3,0,0.004411,0.531767,0.618595,0.57084,5.246,0,1.307
CIEL_OMEGA_COMPLETE_SYSTEM/ciel_omega/ethics/ethics_guard.py,canon,constraint,python,1071,34.0,0,0,0.002302,0.538031,0.610899,0.570821,5.042,0,0.551
CIEL_OMEGA_COMPLETE_SYSTEM/ciel_omega/orbital/registry.py,canon,axiom,python,1712,35.0,2,3,0.003383,0.566521,0.574395,0.570064,5.157,0,0.363
CIEL_OMEGA_COMPLETE_SYSTEM/ciel_omega/memory/identity_memory.py,canon,memory,python,17902,469.0,2,4,0.002874,0.555084,0.580439,0.566494,5.114,0,0.706
CIEL_OMEGA_COMPLETE_SYSTEM/ciel_omega/memory/dynamics.py,canon,memory,python,13974,405.0,2,5,0.002874,0.553142,0.578497,0.564552,5.105,0,1.391
CIEL_OMEGA_COMPLETE_SYSTEM/ciel_omega/core/braid/runtime.py,canon,runtime,python,3480,113.0,3,9,0.003452,0.550461,0.580929,0.564172,5.164,0,0.774
CIEL_OMEGA_COMPLETE_SYSTEM/ciel_omega/memory/audit_journal.py,canon,memory,python,12610,366.0,2,3,0.002874,0.551802,0.577158,0.563212,5.099,0,1.432
CIEL_OMEGA_COMPLETE_SYSTEM/ciel_omega/memory/affective_memory.py,canon,memory,python,16193,356.0,2,5,0.002874,0.551436,0.576791,0.562846,5.097,0,1.025
CIEL_OMEGA_COMPLETE_SYSTEM/ciel_omega/ciel/gguf_backends.py,canon,runtime,python,7004,219.0,1,3,0.002776,0.548276,0.578949,0.562079,5.058,0,0.988
CIEL_OMEGA_COMPLETE_SYSTEM/ciel_omega/memory/monolith/unified_memory.py,canon,memory,python,27895,733.0,0,0,0.002302,0.550399,0.576267,0.56204,5.003,0,0.344
CIEL_OMEGA_COMPLETE_SYSTEM/ciel_omega/ciel_orchestrator.py,canon,runtime,python,7568,214.0,1,0,0.002791,0.548015,0.578732,0.561837,5.058,0,1.359
CIEL_OMEGA_COMPLETE_SYSTEM/ciel_omega/memory/procedural_memory.py,canon,memory,python,14702,327.0,2,5,0.002874,0.550312,0.575667,0.561722,5.092,0,0.395
CIEL_OMEGA_COMPLETE_SYSTEM/ciel_omega/memory/semantic_memory.py,canon,memory,python,13230,325.0,2,5,0.002874,0.550231,0.575586,0.561641,5.092,0,0.345
CIEL_OMEGA_COMPLETE_SYSTEM/ciel_omega/bridge/memory_core_phase_bridge.py,canon,runtime,python,9460,199.0,1,12,0.002791,0.547056,0.577772,0.560878,5.054,0,0.274
CIEL_OMEGA_COMPLETE_SYSTEM/ciel_omega/memory/braid_invariant.py,canon,memory,python,10000,287.0,2,3,0.002874,0.548587,0.573942,0.559997,5.084,0,1.025
CIEL_OMEGA_COMPLETE_SYSTEM/ciel_omega/vocabulary_tools/symbol_extractor.py,canon,vocabulary,python,1701,52.0,2,3,0.003437,0.519811,0.604844,0.558076,5.106,0,0.576
CIEL_OMEGA_COMPLETE_SYSTEM/ciel_omega/memory/working_memory.py,canon,memory,python,9430,223.0,2,4,0.002874,0.545253,0.570608,0.556663,5.069,0,1.131
CIEL_OMEGA_COMPLETE_SYSTEM/ciel_omega/memory/perceptual_memory.py,canon,memory,python,9497,221.0,2,4,0.002874,0.545134,0.570489,0.556544,5.069,0,1.252
CIEL_OMEGA_COMPLETE_SYSTEM/ciel_omega/ciel/hf_backends.py,canon,runtime,python,4589,134.0,1,3,0.002776,0.541798,0.572471,0.555601,5.029,0,1.3
CIEL_OMEGA_COMPLETE_SYSTEM/ciel_omega/orbital/rh_control.py,canon,runtime,python,4224,122.0,1,0,0.003057,0.541402,0.572914,0.555582,5.044,0,0.372
CIEL_OMEGA_COMPLETE_SYSTEM/ciel_omega/memory/identity_types.py,canon,memory,python,6532,164.0,2,0,0.00332,0.542529,0.569215,0.554538,5.084,0,0.466
CIEL_OMEGA_COMPLETE_SYSTEM/ciel_omega/symbolic/glyph_interpreter.py,canon,vocabulary,python,2764,87.0,0,0,0.002302,0.514261,0.598129,0.552002,4.958,0,1.256
CIEL_OMEGA_COMPLETE_SYSTEM/ciel_omega/core/braid/memory.py,canon,memory,python,1406,57.0,4,0,0.004062,0.539761,0.566438,0.551766,5.171,0,0.063
CIEL_OMEGA_COMPLETE_SYSTEM/ciel_omega/inference/gguf_backend.py,canon,runtime,python,3219,92.0,1,0,0.002773,0.536846,0.56751,0.550644,5.007,0,1.262
CIEL_OMEGA_COMPLETE_SYSTEM/ciel_omega/ciel/language_backend.py,canon,runtime,python,514,28.0,3,0,0.004349,0.53498,0.568126,0.549896,5.148,0,0.85
CIEL_OMEGA_COMPLETE_SYSTEM/ciel_omega/memory/orchestrator_types.py,canon,runtime,python,1520,61.0,2,0,0.002874,0.536214,0.566069,0.549649,5.038,0,0.911
CIEL_OMEGA_COMPLETE_SYSTEM/ciel_omega/runtime/agent/adam_memory.py,canon,runtime,python,4703,129.0,0,0,0.002302,0.535437,0.565805,0.549103,4.945,0,0.373
CIEL_OMEGA_COMPLETE_SYSTEM/ciel_omega/memory/monolith/orchestrator.py,canon,runtime,python,5647,127.0,0,0,0.002302,0.535231,0.5656,0.548897,4.944,0,0.667
CIEL_OMEGA_COMPLETE_SYSTEM/ciel_omega/memory/affective_types.py,canon,memory,python,2976,108.0,2,0,0.003198,0.536665,0.562986,0.548509,5.05,0,1.4
CIEL_OMEGA_COMPLETE_SYSTEM/ciel_omega/memory/procedural_types.py,canon,memory,python,2851,107.0,2,0,0.003198,0.536542,0.562864,0.548387,5.05,0,0.798
CIEL_OMEGA_COMPLETE_SYSTEM/ciel_omega/symbolic/glyph_dataset.py,canon,vocabulary,python,2038,66.0,0,0,0.002302,0.510644,0.594512,0.548385,4.941,0,0.662
CIEL_OMEGA_COMPLETE_SYSTEM/ciel_omega/memory/semantic_types.py,canon,memory,python,2710,102.0,2,0,0.003198,0.535914,0.562235,0.547758,5.047,0,0.088
CIEL_OMEGA_COMPLETE_SYSTEM/ciel_omega/memory/perceptual_types.py,canon,memory,python,1537,64.0,2,0,0.00332,0.530172,0.556858,0.54218,5.028,0,0.882
CIEL_OMEGA_COMPLETE_SYSTEM/ciel_omega/memory/working_types.py,canon,memory,python,1386,60.0,2,0,0.00332,0.529329,0.556015,0.541338,5.024,0,0.157
CIEL_OMEGA_COMPLETE_SYSTEM/ciel_omega/__init__.py,canon,other,python,289,10.0,45,0,0.033512,0.671809,0.744309,0.534434,7.905,0,0.421
CIEL_OMEGA_COMPLETE_SYSTEM/ciel_omega/memory/__init__.py,canon,memory,python,3957,177.0,16,26,0.012484,0.633102,0.671578,0.480417,5.662,0,1.383
00_INDEX.yaml,architecture,axiom,text,1236,32.0,0,0,0.0,0.631382,0.533882,0.587507,4.926,1,0.838
00_INDEX.md,architecture,axiom,text,531,15.0,0,0,0.0,0.621779,0.524279,0.577904,4.883,1,0.619
CIEL_OMEGA_COMPLETE_SYSTEM/ciel_omega/vocabulary/COMPLETE_DOCUMENTATION.md,canon,vocabulary,text,9731,396.0,0,0,0.0,0.527378,0.604378,0.562028,4.879,1,0.334
CIEL_OMEGA_COMPLETE_SYSTEM/ciel_omega/vocabulary/EXECUTION_SUMMARY.md,canon,vocabulary,text,10182,363.0,0,0,0.0,0.526227,0.603227,0.560877,4.874,1,0.837
CIEL_OMEGA_COMPLETE_SYSTEM/ciel_omega/vocabulary/README.md,canon,vocabulary,text,6233,260.0,0,0,0.0,0.521815,0.598815,0.556465,4.854,1,0.091
CIEL_OMEGA_COMPLETE_SYSTEM/ciel_omega/constraints/README.md,canon,constraint,text,460,24.0,0,0,0.0,0.526699,0.592699,0.556399,4.854,1,0.165
CIEL_OMEGA_COMPLETE_SYSTEM/ciel_omega/constraints/AGENT.md,canon,constraint,text,525,20.0,0,0,0.0,0.524386,0.590386,0.554086,4.843,1,0.668
CIEL_OMEGA_COMPLETE_SYSTEM/ciel_omega/orbital/global_pass.py,canon,runtime,python,4922,104.0,0,6,0.002302,0.532604,0.562972,0.54627,4.932,1,0.537
CIEL_OMEGA_COMPLETE_SYSTEM/ciel_omega/symbolic/glyph_pipeline.py,canon,vocabulary,python,1310,43.0,0,0,0.002302,0.505066,0.588934,0.542807,4.916,1,0.093
CIEL_OMEGA_COMPLETE_SYSTEM/ciel_omega/cognition/orchestrator.py,canon,runtime,python,2506,79.0,0,0,0.002302,0.528997,0.559365,0.542662,4.916,1,0.568
CIEL_OMEGA_COMPLETE_SYSTEM/ciel_omega/integration/information_flow.py,canon,runtime,python,2635,78.0,0,0,0.002302,0.52883,0.559198,0.542495,4.915,1,0.129
CIEL_OMEGA_COMPLETE_SYSTEM/ciel_omega/runtime/agent/resonance_optimizer.py,canon,runtime,python,2941,78.0,0,0,0.002302,0.52883,0.559198,0.542495,4.915,1,0.324
CIEL_OMEGA_COMPLETE_SYSTEM/ciel_omega/orbital/phase_control.py,canon,runtime,python,2836,77.0,0,0,0.002302,0.528661,0.559029,0.542327,4.914,1,0.543
CIEL_OMEGA_COMPLETE_SYSTEM/ciel_omega/runtime/omega/omega_runtime.py,canon,runtime,python,2564,75.0,0,0,0.002302,0.528316,0.558684,0.541982,4.913,1,0.219
CIEL_OMEGA_COMPLETE_SYSTEM/ciel_omega/vocabulary/generated/ciel_semantic_glossary_stats.json,canon,memory,text,5075,341.0,0,0,0.0,0.5334,0.5524,0.54195,4.789,1,0.297
CIEL_OMEGA_COMPLETE_SYSTEM/ciel_omega/emotion/affective_orchestrator.py,canon,runtime,python,2159,66.0,0,0,0.002302,0.526644,0.557012,0.54031,4.905,1,0.709
CIEL_OMEGA_COMPLETE_SYSTEM/ciel_omega/memory/monolith/cli.py,canon,memory,python,4555,133.0,0,0,0.002302,0.527839,0.553707,0.53948,4.901,1,0.71
CIEL_OMEGA_COMPLETE_SYSTEM/ciel_omega/runtime/backend_adapter.py,canon,runtime,python,2251,61.0,0,0,0.002302,0.525616,0.555984,0.539281,4.9,1,0.106
CIEL_OMEGA_COMPLETE_SYSTEM/ciel_omega/runtime/omega/drift_core.py,canon,runtime,python,1881,60.0,0,0,0.002302,0.5254,0.555768,0.539065,4.899,1,0.193
CIEL_OMEGA_COMPLETE_SYSTEM/ciel_omega/runtime/controller.py,canon,runtime,python,1428,53.0,0,0,0.002302,0.523783,0.554151,0.537449,4.892,1,0.832
CIEL_OMEGA_COMPLETE_SYSTEM/ciel_omega/runtime/omega/boot_ritual.py,canon,runtime,python,1504,49.0,0,0,0.002302,0.522762,0.55313,0.536428,4.888,1,0.107
CIEL_OMEGA_COMPLETE_SYSTEM/ciel_omega/symbolic/symbolic_bridge.py,canon,runtime,python,1356,45.0,0,0,0.002302,0.521656,0.552024,0.535322,4.883,1,0.032
CIEL_OMEGA_COMPLETE_SYSTEM/ciel_omega/memory/monolith/tsm_storage.py,canon,memory,python,3297,94.0,0,0,0.002302,0.523276,0.549144,0.534917,4.881,1,0.573
CIEL_OMEGA_COMPLETE_SYSTEM/ciel_omega/memory/monolith/defaults.py,canon,memory,python,2828,91.0,0,0,0.002302,0.522851,0.548719,0.534491,4.879,1,0.75
CIEL_OMEGA_COMPLETE_SYSTEM/ciel_omega/memory/monolith/wpm_storage.py,canon,memory,python,3184,87.0,0,0,0.002302,0.522261,0.548129,0.533902,4.876,1,0.263
CIEL_OMEGA_COMPLETE_SYSTEM/ciel_omega/memory/long_term.py,canon,memory,python,1715,55.0,1,0,0.00271,0.521928,0.547902,0.533616,4.927,1,0.921
CIEL_OMEGA_COMPLETE_SYSTEM/ciel_omega/memory/monolith/rules_engine.py,canon,memory,python,2744,78.0,0,0,0.002302,0.52083,0.546698,0.53247,4.87,1,0.765
CIEL_OMEGA_COMPLETE_SYSTEM/ciel_omega/memory/monolith/tmp_processor.py,canon,memory,python,3420,76.0,0,0,0.002302,0.52049,0.546358,0.53213,4.868,1,0.256
CIEL_OMEGA_COMPLETE_SYSTEM/ciel_omega/memory/memory_log.py,canon,memory,python,1369,45.0,1,0,0.00271,0.519318,0.545293,0.531007,4.915,1,0.437
12_RISKS_OPEN_QUESTIONS_AND_DECISIONS.md,architecture,axiom,text,925,26.0,0,0,0.0,0.52872,0.53122,0.529845,4.667,1,1.327
CIEL_OMEGA_COMPLETE_SYSTEM/ciel_omega/memory/monolith/data_types.py,canon,memory,python,1145,49.0,0,0,0.002302,0.514762,0.54063,0.526403,4.842,1,0.324
CIEL_OMEGA_COMPLETE_SYSTEM/ciel_omega/experiments/intentional_tetra_or/dual_tetra_or.py,canon,constraint,python,15436,403.0,0,0,0.002302,0.570478,0.643346,0.523269,4.828,1,0.467
CIEL_OMEGA_COMPLETE_SYSTEM/ciel_omega/vocabulary/AGENT.md,canon,vocabulary,text,506,19.0,0,0,0.0,0.487739,0.564739,0.522389,4.701,1,0.007
CIEL_OMEGA_COMPLETE_SYSTEM/ciel_omega/vocabulary/generated/ciel_semantic_glossary_stats.md,canon,memory,text,2452,69.0,0,0,0.0,0.512357,0.531357,0.520907,4.694,1,0.603
CIEL_OMEGA_COMPLETE_SYSTEM/ciel_omega/memory/synchronizer.py,canon,memory,python,700,29.0,0,0,0.002302,0.507986,0.533854,0.519626,4.812,1,0.528
CIEL_OMEGA_COMPLETE_SYSTEM/ciel_omega/bridge/README.md,canon,runtime,text,477,24.0,0,0,0.0,0.506699,0.530199,0.517274,4.678,1,0.404
CIEL_OMEGA_COMPLETE_SYSTEM/ciel_omega/runtime/README.md,canon,runtime,text,415,23.0,0,0,0.0,0.506158,0.529658,0.516733,4.675,1,1.048
CIEL_OMEGA_COMPLETE_SYSTEM/ciel_omega/bridge/AGENT.md,canon,runtime,text,542,20.0,0,0,0.0,0.504386,0.527886,0.514961,4.667,1,0.48
CIEL_OMEGA_COMPLETE_SYSTEM/ciel_omega/config/constants.py,canon,config,python,4825,109.0,0,0,0.002302,0.505221,0.526089,0.514612,4.789,1,1.242
CIEL_OMEGA_COMPLETE_SYSTEM/ciel_omega/runtime/AGENT.md,canon,runtime,text,481,19.0,0,0,0.0,0.503739,0.527239,0.514314,4.664,1,0.795
CIEL_OMEGA_COMPLETE_SYSTEM/ciel_omega/config/reality_layers.py,canon,config,python,2874,69.0,0,0,0.002302,0.499225,0.520093,0.508616,4.762,1,0.429
CIEL_OMEGA_COMPLETE_SYSTEM/ciel_omega/memory/README.md,canon,memory,text,446,23.0,0,0,0.0,0.498158,0.517158,0.506708,4.63,1,1.041
CIEL_OMEGA_COMPLETE_SYSTEM/ciel_omega/memory/AGENT.md,canon,memory,text,512,19.0,0,0,0.0,0.495739,0.514739,0.504289,4.619,1,0.49
CIEL_OMEGA_COMPLETE_SYSTEM/ciel_omega/config/ciel_config.py,canon,config,python,1166,43.0,0,0,0.002302,0.493066,0.513934,0.502457,4.735,1,0.045
CIEL_OMEGA_COMPLETE_SYSTEM/ciel_omega/demo_holonomy_eba.py,canon,constraint,python,11867,333.0,0,0,0.002302,0.567954,0.640822,0.500745,4.727,1,1.263
CIEL_OMEGA_COMPLETE_SYSTEM/ciel_omega/experiments/lab_registry.py,canon,axiom,python,6124,182.0,0,0,0.002302,0.575973,0.582841,0.499064,4.719,1,0.81
CIEL_OMEGA_COMPLETE_SYSTEM/ciel_omega/setup.py,canon,config,python,677,21.0,0,0,0.002302,0.483872,0.50474,0.493262,4.693,1,1.354
CIEL_OMEGA_COMPLETE_SYSTEM/ciel_omega/mathematics/paradoxes/ultimate_operators.py,canon,experiment,python,67105,1555.0,0,0,0.002302,0.488366,0.486234,0.487407,4.667,1,0.811
CIEL_OMEGA_COMPLETE_SYSTEM/ciel_omega/mathematics/universal_law/universal_engine.py,canon,experiment,python,48365,1178.0,0,0,0.002302,0.484685,0.482554,0.483726,4.65,1,0.703
CIEL_OMEGA_COMPLETE_SYSTEM/ciel_omega/mathematics/lie4/lie4_full.py,canon,experiment,python,31405,854.0,0,0,0.002302,0.480423,0.478291,0.479464,4.631,1,0.973
CIEL_OMEGA_COMPLETE_SYSTEM/ciel_omega/ext/ext21.py,canon,experiment,python,31850,791.0,0,0,0.002302,0.479408,0.477276,0.478448,4.627,1,0.192
CIEL_OMEGA_COMPLETE_SYSTEM/ciel_omega/ext/ext18.py,canon,experiment,python,17252,341.0,0,0,0.002302,0.468268,0.466136,0.467309,4.577,1,0.495
CIEL_OMEGA_COMPLETE_SYSTEM/ciel_omega/vocabulary/demo_core_concepts.py,canon,vocabulary,python,7990,251.0,0,0,0.002302,0.528217,0.612085,0.465958,4.57,1,0.104
CIEL_OMEGA_COMPLETE_SYSTEM/ciel_omega/emotion/cqcl/emotional_collatz.py,canon,experiment,python,14926,307.0,0,0,0.002302,0.466879,0.464747,0.46592,4.57,1,0.932
CIEL_OMEGA_COMPLETE_SYSTEM/ciel_omega/ext/ext1.py,canon,experiment,python,10949,287.0,0,0,0.002302,0.465989,0.463857,0.465029,4.566,1,0.497
CIEL_OMEGA_COMPLETE_SYSTEM/ciel_omega/ext/ext7.py,canon,experiment,python,10155,273.0,0,0,0.002302,0.465328,0.463196,0.464368,4.563,1,0.96
CIEL_OMEGA_COMPLETE_SYSTEM/ciel_omega/ext/ext17.py,canon,experiment,python,14162,273.0,0,0,0.002302,0.465328,0.463196,0.464368,4.563,1,0.265
CIEL_OMEGA_COMPLETE_SYSTEM/ciel_omega/orbital/metrics.py,canon,other,python,13244,301.0,3,3,0.004102,0.441325,0.472733,0.455458,4.71,1,0.219
CIEL_OMEGA_COMPLETE_SYSTEM/ciel_omega/orbital/model.py,canon,other,python,1285,54.0,4,0,0.005897,0.428533,0.464185,0.444577,4.787,1,1.325
CIEL_OMEGA_COMPLETE_SYSTEM/ciel_omega/core/braid/loops.py,canon,other,python,661,33.0,6,4,0.005233,0.429059,0.460508,0.443211,4.806,1,1.177
CIEL_OMEGA_COMPLETE_SYSTEM/ciel_omega/orbital/dynamics.py,canon,other,python,9089,177.0,2,4,0.003383,0.427722,0.458096,0.441391,4.578,1,1.281
CIEL_OMEGA_COMPLETE_SYSTEM/ciel_omega/core/braid/glyphs.py,canon,other,python,1733,63.0,4,5,0.004422,0.426142,0.457393,0.440205,4.688,1,1.001
CIEL_OMEGA_COMPLETE_SYSTEM/ciel_omega/core/braid/scars.py,canon,other,python,1651,64.0,3,0,0.00331,0.418586,0.447631,0.431657,4.56,1,0.445
CIEL_OMEGA_COMPLETE_SYSTEM/ciel_omega/vocabulary/__init__.py,canon,vocabulary,python,2319,71.0,6,8,0.006378,0.550429,0.639794,0.420643,4.765,1,0.126
CIEL_OMEGA_COMPLETE_SYSTEM/ciel_omega/requirements.txt,canon,config,text,472,16.0,0,0,0.0,0.473583,0.487583,0.479883,4.509,2,1.049
CIEL_OMEGA_COMPLETE_SYSTEM/ciel_omega/configs/heuristics_user.json,canon,config,text,255,16.0,0,0,0.0,0.473583,0.487583,0.479883,4.509,2,1.261
CIEL_OMEGA_COMPLETE_SYSTEM/ciel_omega/configs/heuristics_self.json,canon,config,text,221,15.0,0,0,0.0,0.472779,0.486779,0.479079,4.506,2,0.478
CIEL_OMEGA_COMPLETE_SYSTEM/ciel_omega/configs/rules_immutable.json,canon,config,text,150,10.0,0,0,0.0,0.467809,0.481809,0.474109,4.483,2,0.285
00_INDEX (kopia).md,architecture,axiom,text,1415,36.0,0,0,0.0,0.6329,0.5354,0.469025,4.393,2,0.364
CIEL_OMEGA_COMPLETE_SYSTEM/CIEL_MEMORY_SYSTEM/WPM/wave_snapshots/wave_archive.h5,canon,memory,h5,1832,,0,0,0.0,0.456,0.475,0.46455,4.44,2,0.256
CIEL_OMEGA_COMPLETE_SYSTEM/CIEL_MEMORY_SYSTEM/TSM/ledger/memory_ledger.db,canon,memory,db,12288,,0,0,0.0,0.456,0.475,0.46455,4.44,2,0.455
CIEL_OMEGA_COMPLETE_SYSTEM/ciel_omega/vocabulary/generated/ciel_semantic_glossary.db,canon,memory,db,81920,,0,0,0.0,0.456,0.475,0.46455,4.44,2,0.304
CIEL_OMEGA_COMPLETE_SYSTEM/ciel_omega/CIEL_MEMORY_SYSTEM/TSM/ledger/memory_ledger.db,canon,memory,db,12288,,0,0,0.0,0.456,0.475,0.46455,4.44,2,0.409
CIEL_OMEGA_COMPLETE_SYSTEM/ciel_omega/ext/ext9.py,canon,experiment,python,10836,258.0,0,0,0.002302,0.464581,0.462449,0.463621,4.56,2,0.323
CIEL_OMEGA_COMPLETE_SYSTEM/ciel_omega/cognition/intuition.py,canon,ui,python,1693,55.0,0,0,0.002302,0.470265,0.454633,0.463231,4.558,2,0.662
CIEL_OMEGA_COMPLETE_SYSTEM/ciel_omega/ext/ext10.py,canon,experiment,python,11592,234.0,0,0,0.002302,0.463291,0.461159,0.462331,4.554,2,0.604
CIEL_OMEGA_COMPLETE_SYSTEM/ciel_omega/bio/eeg_emotion_mapper.py,canon,ui,python,1524,47.0,0,0,0.002302,0.468221,0.452589,0.461186,4.549,2,0.352
CIEL_OMEGA_COMPLETE_SYSTEM/ciel_omega/ext/ext6.py,canon,experiment,python,8404,211.0,0,0,0.002302,0.461925,0.459793,0.460965,4.548,2,1.249
CIEL_OMEGA_COMPLETE_SYSTEM/ciel_omega/ext/ext20.py,canon,experiment,python,9986,209.0,0,0,0.002302,0.461799,0.459667,0.460839,4.547,2,1.26
CIEL_OMEGA_COMPLETE_SYSTEM/ciel_omega/ext/ext5.py,canon,experiment,python,8002,204.0,0,0,0.002302,0.461479,0.459347,0.46052,4.546,2,0.83
CIEL_OMEGA_COMPLETE_SYSTEM/ciel_omega/visualization/color_map.py,canon,ui,python,1316,44.0,0,0,0.002302,0.467364,0.451732,0.46033,4.545,2,0.161
CIEL_OMEGA_COMPLETE_SYSTEM/ciel_omega/ext/ext2.py,canon,experiment,python,7529,190.0,0,0,0.002302,0.460541,0.458409,0.459581,4.542,2,0.325
CIEL_OMEGA_COMPLETE_SYSTEM/ciel_omega/ext/ext8.py,canon,experiment,python,7391,183.0,0,0,0.002302,0.460045,0.457914,0.459086,4.54,2,0.604
CIEL_OMEGA_COMPLETE_SYSTEM/ciel_omega/visualization/visual_core.py,canon,ui,python,953,36.0,0,0,0.002302,0.464768,0.449136,0.457733,4.533,2,0.169
CIEL_OMEGA_COMPLETE_SYSTEM/ciel_omega/ext/ext3.py,canon,experiment,python,6688,159.0,0,0,0.002302,0.458191,0.45606,0.457232,4.531,2,0.816
CIEL_OMEGA_COMPLETE_SYSTEM/ciel_omega/ext/ext19.py,canon,experiment,python,5764,130.0,0,0,0.002302,0.455539,0.453407,0.454579,4.519,2,0.004
CIEL_OMEGA_COMPLETE_SYSTEM/ciel_omega/ext/ext4.py,canon,experiment,python,5093,125.0,0,0,0.002302,0.455023,0.452891,0.454063,4.517,2,0.724
CIEL_OMEGA_COMPLETE_SYSTEM/ciel_omega/demo_memory_system.py,canon,memory,python,13067,401.0,0,0,0.002302,0.542412,0.568281,0.454053,4.517,2,0.08
CIEL_OMEGA_COMPLETE_SYSTEM/ciel_omega/mathematics/paradoxes/paradox_operators.py,canon,experiment,python,3503,107.0,0,0,0.002302,0.452978,0.450846,0.452018,4.508,2,0.618
CIEL_OMEGA_COMPLETE_SYSTEM/ciel_omega/core/physics/ciel0_framework.py,canon,other,python,26823,692.0,1,0,0.002499,0.438671,0.467518,0.451652,4.547,2,0.981
CIEL_OMEGA_COMPLETE_SYSTEM/ciel_omega/emotion/cqcl/quantum_engine.py,canon,experiment,python,3355,88.0,0,0,0.002302,0.450411,0.448279,0.449452,4.496,2,0.179
CIEL_OMEGA_COMPLETE_SYSTEM/ciel_omega/demo_m6_identity_memory.py,canon,memory,python,10966,280.0,0,0,0.002302,0.537662,0.56353,0.449303,4.495,2,0.364
CIEL_OMEGA_COMPLETE_SYSTEM/ciel_omega/emotion/cqcl/cqcl_program.py,canon,experiment,python,2465,83.0,0,0,0.002302,0.449644,0.447512,0.448685,4.493,2,0.179
CIEL_OMEGA_COMPLETE_SYSTEM/ciel_omega/core/physics/definite_kernel.py,canon,other,python,29803,671.0,0,0,0.002302,0.433228,0.462596,0.446444,4.483,2,0.822
CIEL_OMEGA_COMPLETE_SYSTEM/ciel_omega/core/quantum/quantum_engine.py,canon,other,python,22838,596.0,0,0,0.002302,0.431658,0.461026,0.444874,4.476,2,0.947
CIEL_OMEGA_COMPLETE_SYSTEM/ciel_omega/mathematics/lie4/matrix_engine.py,canon,experiment,python,1831,57.0,0,0,0.002302,0.444731,0.442599,0.443771,4.471,2,0.412
CIEL_OMEGA_COMPLETE_SYSTEM/ciel_omega/mathematics/lie4/collatz_lie4.py,canon,experiment,python,1542,55.0,0,0,0.002302,0.444265,0.442133,0.443306,4.469,2,1.252
CIEL_OMEGA_COMPLETE_SYSTEM/ciel_omega/coriolis_cymatics.py,canon,other,python,17184,449.0,0,0,0.002302,0.427909,0.457277,0.441124,4.459,2,0.879
CIEL_OMEGA_COMPLETE_SYSTEM/ciel_omega/relational_formalism.py,canon,other,python,18337,448.0,0,0,0.002302,0.427879,0.457247,0.441095,4.459,2,1.036
CIEL_OMEGA_COMPLETE_SYSTEM/ciel_omega/orbital/extract_geometry.py,canon,other,python,11370,285.0,1,0,0.002628,0.427314,0.456544,0.440467,4.503,2,0.99
CIEL_OMEGA_COMPLETE_SYSTEM/ciel_omega/ext/extemot.py,canon,other,python,20071,373.0,0,0,0.002302,0.425455,0.454823,0.43867,4.448,2,0.803
CIEL_OMEGA_COMPLETE_SYSTEM/ciel_omega/demo_vocabulary_resolve.py,canon,vocabulary,python,867,28.0,0,0,0.002302,0.499536,0.583404,0.437277,4.441,2,0.563
CIEL_OMEGA_COMPLETE_SYSTEM/ciel_omega/demo_holonomic_orchestrator.py,canon,runtime,python,3236,48.0,0,0,0.002302,0.522494,0.552862,0.43616,4.436,2,1.168
CIEL_OMEGA_COMPLETE_SYSTEM/ciel_omega/monolit.py,canon,other,python,12176,271.0,0,0,0.002302,0.42123,0.450598,0.434446,4.429,2,1.295
CIEL_OMEGA_COMPLETE_SYSTEM/ciel_omega/demo_m3_semantic_memory.py,canon,memory,python,2932,87.0,0,0,0.002302,0.522261,0.548129,0.433902,4.426,2,0.772
CIEL_OMEGA_COMPLETE_SYSTEM/ciel_omega/phase_sweep_analysis.py,canon,other,python,9407,240.0,0,0,0.002302,0.419625,0.448993,0.432841,4.421,2,0.708
CIEL_OMEGA_COMPLETE_SYSTEM/ciel_omega/ciel/engine.py,canon,other,python,5845,149.0,1,0,0.002791,0.419239,0.448956,0.432612,4.477,2,1.124
CIEL_OMEGA_COMPLETE_SYSTEM/ciel_omega/core/physics/reality_laws.py,canon,other,python,9860,222.0,0,0,0.002302,0.418596,0.447964,0.431811,4.417,2,1.201
CIEL_OMEGA_COMPLETE_SYSTEM/ciel_omega/demo_m5_affective_memory.py,canon,memory,python,2367,56.0,0,0,0.002302,0.5165,0.542368,0.428141,4.4,2,0.351
CIEL_OMEGA_COMPLETE_SYSTEM/ciel_omega/demo_m4_procedural_memory.py,canon,memory,python,2411,55.0,0,0,0.002302,0.516265,0.542133,0.427906,4.399,2,0.26
CIEL_OMEGA_COMPLETE_SYSTEM/ciel_omega/ciel/__main__.py,canon,other,python,5292,165.0,0,4,0.002302,0.41468,0.444048,0.427895,4.399,2,0.263
CIEL_OMEGA_COMPLETE_SYSTEM/ciel_omega/vocabulary/test_gguf_pipeline.py,canon,vocabulary,python,12256,343.0,0,0,0.002302,0.532346,0.566214,0.427586,4.398,2,0.528
CIEL_OMEGA_COMPLETE_SYSTEM/ciel_omega/ciel_client.py,canon,other,python,5653,151.0,0,0,0.002302,0.413511,0.442879,0.426727,4.394,2,0.176
CIEL_OMEGA_COMPLETE_SYSTEM/ciel_omega/mathematics/safe_operations.py,canon,other,python,4181,141.0,0,0,0.002302,0.412608,0.441976,0.425824,4.39,2,1.124
CIEL_OMEGA_COMPLETE_SYSTEM/ciel_omega/core/braid/defaults.py,canon,other,python,2479,87.0,1,10,0.002751,0.412046,0.441643,0.425364,4.442,2,0.69
CIEL_OMEGA_COMPLETE_SYSTEM/ciel_omega/core/physics/csf_simulator.py,canon,other,python,4420,136.0,0,0,0.002302,0.412133,0.441501,0.425348,4.388,2,0.899
CIEL_OMEGA_COMPLETE_SYSTEM/ciel_omega/vocabulary/test_comprehensive.py,canon,vocabulary,python,9307,279.0,0,0,0.002302,0.529615,0.563483,0.424856,4.385,2,0.149
CIEL_OMEGA_COMPLETE_SYSTEM/ciel_omega/demo_m1_working_memory.py,canon,memory,python,1388,42.0,0,0,0.002302,0.512761,0.538629,0.424402,4.383,2,0.856
CIEL_OMEGA_COMPLETE_SYSTEM/ciel_omega/demo_m0_perceptual_memory.py,canon,memory,python,1575,38.0,0,0,0.002302,0.511466,0.537334,0.423107,4.378,2,0.65
CIEL_OMEGA_COMPLETE_SYSTEM/ciel_omega/core/braid/adapter.py,canon,other,python,2288,71.0,1,5,0.002751,0.409384,0.438981,0.422703,4.43,2,1.129
CIEL_OMEGA_COMPLETE_SYSTEM/ciel_omega/inference/topology_api.py,canon,other,python,2365,63.0,1,0,0.002773,0.407888,0.437552,0.421237,4.425,2,1.177
CIEL_OMEGA_COMPLETE_SYSTEM/ciel_omega/inference/middleware.py,canon,other,python,2412,56.0,1,0,0.002773,0.406352,0.436016,0.4197,4.418,2,0.179
CIEL_OMEGA_COMPLETE_SYSTEM/ciel_omega/core/braid/phase_field.py,canon,other,python,574,22.0,3,0,0.00331,0.404805,0.43385,0.417875,4.498,2,1.171
CIEL_OMEGA_COMPLETE_SYSTEM/ciel_omega/core/braid/scheduler.py,canon,other,python,507,20.0,3,4,0.00331,0.403598,0.432644,0.416669,4.493,2,1.161
CIEL_OMEGA_COMPLETE_SYSTEM/ciel_omega/resonance/multiresonance_tensor.py,canon,other,python,1030,37.0,1,0,0.002954,0.401512,0.431715,0.415104,4.407,2,0.646
CIEL_OMEGA_COMPLETE_SYSTEM/ciel_omega/constraints/__init__.py,canon,constraint,python,361,15.0,2,3,0.003488,0.540076,0.614261,0.403459,4.413,2,0.652
ciel-omega-demo-main/main/__init__.py,demo,demo_test,python,0,0.0,28,0,0.021466,0.413501,0.458946,0.163951,4.473,2,0.67
ciel_rh_control_mini_repo/ciel_rh_control/models.py,mini_repo,runtime,python,744,23.0,3,0,0.005951,0.417249,0.475174,0.443315,4.215,3,0.195
ciel_rh_control_mini_repo/ciel_rh_control/controller.py,mini_repo,runtime,python,1370,35.0,2,3,0.004638,0.414265,0.469383,0.439068,4.095,3,1.012
CIEL_OMEGA_COMPLETE_SYSTEM/README.md,canon,other,text,8018,303.0,0,0,0.0,0.415838,0.438338,0.425963,4.267,3,0.951
CIEL_OMEGA_COMPLETE_SYSTEM/ciel_omega/HOW_AI_WORKS_WITH_CIEL.md,canon,other,text,14292,289.0,0,0,0.0,0.415212,0.437712,0.425337,4.264,3,1.18
CIEL_OMEGA_COMPLETE_SYSTEM/ciel_omega/emotion/utils.py,canon,other,python,3223,104.0,0,0,0.002302,0.408604,0.437972,0.42182,4.372,3,0.109
CIEL_OMEGA_COMPLETE_SYSTEM/ciel_omega/compute/gpu_engine.py,canon,other,python,2773,93.0,0,0,0.002302,0.407136,0.436504,0.420352,4.365,3,0.688
CIEL_OMEGA_COMPLETE_SYSTEM/ciel_omega/core/math_utils.py,canon,other,python,2408,86.0,0,0,0.002302,0.406109,0.435478,0.419325,4.361,3,0.464
CIEL_OMEGA_COMPLETE_SYSTEM/ciel_omega/calibration/rcde.py,canon,other,python,2872,85.0,0,0,0.002302,0.405956,0.435324,0.419172,4.36,3,0.565
CIEL_OMEGA_COMPLETE_SYSTEM/ciel_omega/README.md,canon,other,text,4463,177.0,0,0,0.0,0.408738,0.431238,0.418863,4.235,3,0.466
CIEL_OMEGA_COMPLETE_SYSTEM/ciel_omega/README_old.md,canon,other,text,8921,175.0,0,0,0.0,0.408588,0.431088,0.418713,4.234,3,0.54
CIEL_OMEGA_COMPLETE_SYSTEM/ciel_omega/ciel_wave/fourier_kernel.py,canon,other,python,2809,74.0,0,0,0.002302,0.404141,0.433509,0.417356,4.352,3,0.571
CIEL_OMEGA_COMPLETE_SYSTEM/ciel_omega/fields/soul_invariant.py,canon,other,python,2034,67.0,0,0,0.002302,0.402841,0.432209,0.416057,4.346,3,0.903
CIEL_OMEGA_COMPLETE_SYSTEM/ciel_omega/emotion/cqcl/cqcl_compiler.py,canon,experiment,python,286,6.0,0,0,0.002302,0.416681,0.414549,0.415722,4.344,3,0.075
CIEL_OMEGA_COMPLETE_SYSTEM/ciel_omega/ciel/cli.py,canon,other,python,1572,60.0,0,0,0.002302,0.4014,0.430768,0.414615,4.339,3,0.505
CIEL_OMEGA_COMPLETE_SYSTEM/ciel_omega/fields/unified_sigma_field.py,canon,other,python,1942,59.0,0,0,0.002302,0.401181,0.430549,0.414396,4.338,3,0.986
CIEL_OMEGA_COMPLETE_SYSTEM/ciel_omega/core/quantum/resonance_kernel.py,canon,other,python,1708,56.0,0,0,0.002302,0.4005,0.429868,0.413716,4.335,3,0.61
CIEL_OMEGA_COMPLETE_SYSTEM/ciel_omega/ext/extfwcku.py,canon,other,python,1807,55.0,0,0,0.002302,0.400265,0.429633,0.413481,4.334,3,0.095
CIEL_OMEGA_COMPLETE_SYSTEM/ciel_omega/ciel_io/simple_loader.py,canon,other,python,1658,55.0,0,0,0.002302,0.400265,0.429633,0.413481,4.334,3,0.937
CIEL_OMEGA_COMPLETE_SYSTEM/ciel_omega/cognition/dissociation.py,canon,other,python,1666,53.0,0,0,0.002302,0.399783,0.429151,0.412999,4.332,3,0.994
CIEL_OMEGA_COMPLETE_SYSTEM/ciel_omega/bio/eeg_processor.py,canon,other,python,1458,50.0,0,0,0.002302,0.399025,0.428393,0.41224,4.329,3,0.497
CIEL_OMEGA_COMPLETE_SYSTEM/ciel_omega/emotion/emotion_core.py,canon,other,python,1638,50.0,0,0,0.002302,0.399025,0.428393,0.41224,4.329,3,0.628
CIEL_OMEGA_COMPLETE_SYSTEM/ciel_omega/fields/sigma_series.py,canon,other,python,1467,49.0,0,0,0.002302,0.398762,0.42813,0.411978,4.328,3,0.601
CIEL_OMEGA_COMPLETE_SYSTEM/ciel_omega/core/quantum/quantum_optimiser.py,canon,other,python,1537,49.0,0,0,0.002302,0.398762,0.42813,0.411978,4.328,3,0.359
CIEL_OMEGA_COMPLETE_SYSTEM/ciel_omega/fields/psych_field.py,canon,other,python,1387,46.0,0,0,0.002302,0.397941,0.427309,0.411157,4.324,3,0.088
CIEL_OMEGA_COMPLETE_SYSTEM/ciel_omega/bio/schumann.py,canon,other,python,1392,46.0,0,0,0.002302,0.397941,0.427309,0.411157,4.324,3,0.242
CIEL_OMEGA_COMPLETE_SYSTEM/ciel_omega/unified_system.py,canon,other,python,1610,44.0,0,4,0.002302,0.397364,0.426732,0.41058,4.321,3,0.034
CIEL_OMEGA_COMPLETE_SYSTEM/ciel_omega/cognition/decision.py,canon,other,python,1106,43.0,0,0,0.002302,0.397066,0.426434,0.410282,4.32,3,0.576
CIEL_OMEGA_COMPLETE_SYSTEM/ciel_omega/resonance/resonance_parallel.py,canon,other,python,1400,42.0,0,0,0.002302,0.396761,0.426129,0.409977,4.319,3,1.018
CIEL_OMEGA_COMPLETE_SYSTEM/ciel_omega/cognition/introspection.py,canon,other,python,1032,40.0,0,0,0.002302,0.39613,0.425498,0.409345,4.316,3,1.112
CIEL_OMEGA_COMPLETE_SYSTEM/ciel_omega/fields/aether_field.py,canon,other,python,1180,40.0,0,3,0.002302,0.39613,0.425498,0.409345,4.316,3,0.822
CIEL_OMEGA_COMPLETE_SYSTEM/ciel_omega/core/physics/reality_expander.py,canon,other,python,979,38.0,0,0,0.002302,0.395466,0.424834,0.408682,4.313,3,1.007
CIEL_OMEGA_COMPLETE_SYSTEM/ciel_omega/cognition/perception.py,canon,other,python,1076,37.0,0,0,0.002302,0.395122,0.42449,0.408337,4.311,3,0.503
CIEL_OMEGA_COMPLETE_SYSTEM/ciel_omega/emotion/empathic_engine.py,canon,other,python,1028,37.0,0,0,0.002302,0.395122,0.42449,0.408337,4.311,3,0.15
CIEL_OMEGA_COMPLETE_SYSTEM/ciel_omega/bio/crystal_receiver.py,canon,other,python,1136,36.0,0,0,0.002302,0.394768,0.424136,0.407983,4.31,3,0.746
CIEL_OMEGA_COMPLETE_SYSTEM/ciel_omega/ciel_io/bootstrap.py,canon,other,python,974,35.0,0,0,0.002302,0.394404,0.423772,0.40762,4.308,3,0.608
CIEL_OMEGA_COMPLETE_SYSTEM/ciel_omega/cognition/prediction.py,canon,other,python,805,34.0,0,0,0.002302,0.394031,0.423399,0.407246,4.306,3,0.541
CIEL_OMEGA_COMPLETE_SYSTEM/ciel_omega/ciel_io/reality_logger.py,canon,other,python,832,32.0,0,0,0.002302,0.39325,0.422618,0.406466,4.303,3,0.948
CIEL_OMEGA_COMPLETE_SYSTEM/ciel_omega/emotion/feeling_field.py,canon,other,python,735,31.0,0,0,0.002302,0.392842,0.42221,0.406058,4.301,3,0.012
CIEL_OMEGA_COMPLETE_SYSTEM/ciel_omega/core/base.py,canon,other,python,712,30.0,0,0,0.002302,0.392421,0.421789,0.405636,4.299,3,0.796
CIEL_OMEGA_COMPLETE_SYSTEM/ciel_omega/resonance/resonance_operator.py,canon,other,python,572,26.0,0,3,0.002302,0.390588,0.419956,0.403804,4.291,3,1.009
CIEL_OMEGA_COMPLETE_SYSTEM/DATA_LAYER_POLICY.md,canon,other,text,2066,42.0,0,0,0.0,0.389893,0.412393,0.400018,4.15,3,1.112
CIEL_OMEGA_COMPLETE_SYSTEM/ciel_omega/test_holonomic_orchestrator.py,canon,runtime,python,2442,64.0,0,0,0.002302,0.526242,0.50661,0.397408,4.262,3,0.462
CIEL_OMEGA_COMPLETE_SYSTEM/ciel_omega/test_semantic_memory.py,canon,memory,python,4553,127.0,0,0,0.002302,0.527231,0.5031,0.396372,4.257,3,0.642
CIEL_OMEGA_COMPLETE_SYSTEM/ciel_omega/test_procedural_memory.py,canon,memory,python,4320,118.0,0,0,0.002302,0.526264,0.502132,0.395405,4.253,3,1.071
CIEL_OMEGA_COMPLETE_SYSTEM/ciel_omega/test_working_memory.py,canon,memory,python,3405,96.0,0,0,0.002302,0.523553,0.499421,0.392693,4.241,3,0.16
CIEL_OMEGA_COMPLETE_SYSTEM/ciel_omega/test_affective_memory.py,canon,memory,python,3517,95.0,0,0,0.002302,0.523415,0.499283,0.392556,4.24,3,1.051
CIEL_OMEGA_COMPLETE_SYSTEM/ciel_omega/test_memory_sector_integration.py,canon,runtime,python,2794,44.0,0,0,0.002302,0.521364,0.501732,0.39253,4.24,3,0.649
CIEL_OMEGA_COMPLETE_SYSTEM/ciel_omega/fields/README.md,canon,other,text,444,23.0,0,0,0.0,0.382158,0.404658,0.392283,4.115,3,0.7
CIEL_OMEGA_COMPLETE_SYSTEM/ciel_omega/test_perceptual_memory.py,canon,memory,python,3236,84.0,0,0,0.002302,0.521801,0.497669,0.390942,4.233,3,0.488
CIEL_OMEGA_COMPLETE_SYSTEM/ciel_omega/orbital/README.md,canon,other,text,586,20.0,0,0,0.0,0.380386,0.402886,0.390511,4.107,3,0.169
CIEL_OMEGA_COMPLETE_SYSTEM/ciel_omega/fields/AGENT.md,canon,other,text,510,19.0,0,0,0.0,0.379739,0.402239,0.389864,4.104,3,0.847
CIEL_OMEGA_COMPLETE_SYSTEM/ciel_omega/test_affective_memory_consolidation.py,canon,memory,python,2959,76.0,0,0,0.002302,0.52049,0.496358,0.38963,4.227,3,0.516
CIEL_OMEGA_COMPLETE_SYSTEM/ciel_omega/test_semantic_memory_consolidation.py,canon,memory,python,2875,76.0,0,0,0.002302,0.52049,0.496358,0.38963,4.227,3,1.089
CIEL_OMEGA_COMPLETE_SYSTEM/ciel_omega/test_procedural_memory_consolidation.py,canon,memory,python,2835,73.0,0,0,0.002302,0.519963,0.495831,0.389103,4.225,3,0.473
CIEL_OMEGA_COMPLETE_SYSTEM/ciel_omega/test_working_memory_consolidation.py,canon,memory,python,2317,59.0,0,0,0.002302,0.517181,0.493049,0.386321,4.212,3,1.169
CIEL_OMEGA_COMPLETE_SYSTEM/ciel_omega/ext/README.md,canon,other,text,383,13.0,0,0,0.0,0.375008,0.397508,0.385133,4.083,3,0.617
CIEL_OMEGA_COMPLETE_SYSTEM/ciel_omega/test_perceptual_memory_consolidation.py,canon,memory,python,2242,51.0,0,0,0.002302,0.515282,0.49115,0.384423,4.204,3,0.592
CIEL_OMEGA_COMPLETE_SYSTEM/ciel_omega/inference/README.md,canon,other,text,282,9.0,0,0,0.0,0.370544,0.393044,0.380669,4.063,3,0.241
CIEL_OMEGA_COMPLETE_SYSTEM/ciel_omega/test_orbital_rh_control.py,canon,runtime,python,582,16.0,0,0,0.002302,0.508451,0.488819,0.379617,4.182,3,0.74
CIEL_OMEGA_COMPLETE_SYSTEM/ciel_omega/ethics/__init__.py,canon,constraint,python,72,1.0,0,0,0.002302,0.500063,0.572931,0.362853,4.106,3,0.723
CIEL_OMEGA_COMPLETE_SYSTEM/ciel_omega/vocabulary_tools/__init__.py,canon,vocabulary,python,87,2.0,3,4,0.004411,0.489068,0.575896,0.358141,4.289,3,0.342
CIEL_OMEGA_COMPLETE_SYSTEM/ciel_omega/demo_full_pipeline.py,canon,demo_test,python,25322,529.0,0,0,0.002302,0.450079,0.446947,0.34867,4.043,3,0.588
CIEL_OMEGA_COMPLETE_SYSTEM/ciel_omega/core/braid/__init__.py,canon,other,python,676,29.0,7,12,0.006344,0.43516,0.468814,0.280304,4.162,3,1.239
CIEL_OMEGA_COMPLETE_SYSTEM/ciel_omega/core/__init__.py,canon,other,python,210,7.0,8,0,0.006542,0.422661,0.455794,0.267571,4.145,3,0.131
Contract _Sapiens-AI.txt,external,axiom,text,5908,203.0,0,0,0.0,0.505546,0.433046,0.472921,3.736,4,0.796
09_NATIVE_PRODUCT_ARCHITECTURE.md,external,axiom,text,1150,66.0,0,0,0.0,0.490776,0.418276,0.458151,3.669,4,0.252
relational_contract.yaml.txt,external,axiom,text,605,31.0,0,0,0.0,0.480974,0.408474,0.448349,3.625,4,0.066
ciel_rh_control_mini_repo/ciel_rh_control/policy.py,mini_repo,runtime,python,2168,57.0,1,0,0.003615,0.413093,0.466268,0.437022,4.001,4,0.42
04_INVARIANTS_POTENTIALS_AND_ATTRACTORS.md,external,constraint,text,1861,105.0,0,0,0.0,0.380862,0.474362,0.422937,3.511,4,0.316
ciel_rh_control_mini_repo/ciel_rh_control/cli.py,mini_repo,runtime,python,847,23.0,0,3,0.002302,0.393026,0.443394,0.415691,3.804,4,0.022
ciel_rh_control_mini_repo/examples/example_output.json,mini_repo,runtime,text,763,35.0,0,0,0.0,0.391536,0.435036,0.411111,3.66,4,0.446
02_ONTOLOGY_AND_OBSERVABLES.md,external,axiom,text,2523,108.0,0,0,0.0,0.397232,0.424732,0.409607,3.451,4,0.645
ciel-omega-demo-main/main/apps/orbital_manifest_export.py,demo,axiom,python,5852,163.0,0,5,0.002302,0.539519,0.468887,0.407735,3.701,4,0.915
ciel_rh_control_mini_repo/README.md,mini_repo,runtime,text,557,25.0,0,0,0.0,0.387219,0.430719,0.406794,3.641,4,0.539
ciel-omega-demo-main/docs/orbital_manifest.json,demo,axiom,text,10614,307.0,0,0,0.0,0.541011,0.463511,0.406136,3.57,4,0.849
05_ENTITY_REGISTRY_AND_SPHERE_EMBEDDING.md,external,axiom,text,1365,61.0,0,0,0.0,0.389747,0.417247,0.402122,3.417,4,0.89
ciel-omega-demo-main/docs/INDEX.md,demo,axiom,text,1920,66.0,0,0,0.0,0.520776,0.443276,0.385901,3.479,4,0.808
ciel_rh_control_mini_repo/.gitignore,mini_repo,runtime,other,72,,0,0,0.0,0.344,0.3875,0.363575,3.446,4,0.034
ciel_rh_control_mini_repo/pyproject.toml,mini_repo,runtime,toml,307,,0,0,0.0,0.344,0.3875,0.363575,3.446,4,0.625
ciel-omega-demo-main/docs/analogies/TRUTH_ATTRACTOR_ANALOGIES.md,demo,constraint,text,3450,136.0,0,0,0.0,0.414265,0.502765,0.35409,3.336,4,0.396
CIEL_OMEGA_COMPLETE_SYSTEM/ciel_omega/LICENSE,canon,other,other,5137,,0,0,0.0,0.34,0.3625,0.350125,3.926,4,0.43
CIEL_OMEGA_COMPLETE_SYSTEM/ciel_omega/demo_ciel_omega_complete.py,canon,demo_test,python,18268,444.0,0,0,0.002302,0.447761,0.444629,0.346351,4.032,4,0.687
ciel-omega-demo-main/main/kernels/registry.py,demo,axiom,python,1243,41.0,1,8,0.003773,0.430286,0.462934,0.344978,3.528,4,0.184
ciel-omega-demo-main/main/core/ethics.py,demo,constraint,python,680,18.0,1,0,0.002546,0.400101,0.495088,0.342845,3.452,4,0.681
CIEL_OMEGA_COMPLETE_SYSTEM/ciel_omega/demo_validation_fixes.py,canon,demo_test,python,10250,308.0,0,0,0.002302,0.442922,0.43979,0.341513,4.01,4,0.181
CIEL_OMEGA_COMPLETE_SYSTEM/ciel_omega/memory/monolith/__init__.py,canon,memory,python,467,11.0,0,0,0.002302,0.495831,0.521699,0.337472,3.992,4,1.066
ciel-omega-demo-main/main/adam/memory.py,demo,memory,python,4844,130.0,3,0,0.004317,0.411885,0.462932,0.334856,3.571,4,0.067
CIEL_OMEGA_COMPLETE_SYSTEM/ciel_omega/symbolic/__init__.py,canon,vocabulary,python,85,1.0,0,0,0.002302,0.464063,0.547931,0.331803,3.967,4,0.856
ciel-omega-demo-main/main/core/ciel_constants.py,demo,config,python,3515,119.0,6,0,0.006053,0.409237,0.457133,0.33079,3.736,4,0.109
CIEL_OMEGA_COMPLETE_SYSTEM/ciel_omega/bridge/__init__.py,canon,runtime,python,54,1.0,1,0,0.002791,0.485967,0.516683,0.329789,4.014,4,0.737
ciel-omega-demo-main/main/omega/runtime20.py,demo,runtime,python,5652,149.0,0,6,0.002302,0.402335,0.455203,0.326126,3.334,4,0.397
CIEL_OMEGA_COMPLETE_SYSTEM/ciel_omega/config/__init__.py,canon,config,python,575,22.0,0,0,0.002302,0.484461,0.505329,0.323852,3.931,4,0.623
CIEL_OMEGA_COMPLETE_SYSTEM/ciel_omega/runtime/__init__.py,canon,runtime,python,85,1.0,0,0,0.002302,0.480063,0.510431,0.323728,3.93,4,0.128
CIEL_OMEGA_COMPLETE_SYSTEM/ciel_omega/integration/__init__.py,canon,runtime,python,77,1.0,0,0,0.002302,0.480063,0.510431,0.323728,3.93,4,0.258
CIEL_OMEGA_COMPLETE_SYSTEM/ciel_omega/runtime/omega/__init__.py,canon,runtime,python,69,1.0,0,0,0.002302,0.480063,0.510431,0.323728,3.93,4,0.121
CIEL_OMEGA_COMPLETE_SYSTEM/ciel_omega/runtime/agent/__init__.py,canon,runtime,python,89,1.0,0,0,0.002302,0.480063,0.510431,0.323728,3.93,4,0.097
CIEL_OMEGA_COMPLETE_SYSTEM/ciel_omega/ciel/memory/__init__.py,canon,memory,python,159,3.0,0,0,0.002302,0.481258,0.507126,0.322898,3.927,4,0.695
ciel-omega-demo-main/main/core/compute_backend.py,demo,runtime,python,785,28.0,2,0,0.004001,0.394496,0.450213,0.319569,3.455,4,0.155
CIEL_OMEGA_COMPLETE_SYSTEM/ciel_omega/demo_unified_euler.py,canon,demo_test,python,648,23.0,0,0,0.002302,0.409026,0.405894,0.307616,3.858,4,0.765
CIEL_OMEGA_COMPLETE_SYSTEM/ciel_omega/test_m6_1_acceptance.py,canon,demo_test,python,13270,386.0,0,0,0.002302,0.445908,0.392776,0.301999,3.833,4,0.214
CIEL_OMEGA_COMPLETE_SYSTEM/ciel_omega/experiments/intentional_tetra_or/__init__.py,canon,constraint,python,233,5.0,0,0,0.002302,0.514636,0.587504,0.297427,3.812,4,0.7
CIEL_OMEGA_COMPLETE_SYSTEM/euler_demo_output.json,canon,demo_test,text,561,14.0,0,0,0.0,0.395923,0.385923,0.291423,3.661,4,0.958
CIEL_OMEGA_COMPLETE_SYSTEM/ciel_omega/test_grid_stability.py,canon,demo_test,python,4556,141.0,0,0,0.002302,0.432608,0.379476,0.288699,3.773,4,1.024
CIEL_OMEGA_COMPLETE_SYSTEM/ciel_omega/test_alignment_strengthening.py,canon,demo_test,python,3253,100.0,0,0,0.002302,0.428089,0.374957,0.284179,3.752,4,0.802
CIEL_OMEGA_COMPLETE_SYSTEM/ciel_omega/test_defect_minimization.py,canon,demo_test,python,2462,72.0,0,0,0.002302,0.423782,0.37065,0.279873,3.733,4,0.634
CIEL_OMEGA_COMPLETE_SYSTEM/ciel_omega/conftest.py,canon,demo_test,python,238,10.0,0,0,0.002302,0.398677,0.345545,0.254767,3.62,4,1.028
CIEL_OMEGA_COMPLETE_SYSTEM/ciel_omega/orbital/__init__.py,canon,other,python,364,6.0,5,7,0.006223,0.406605,0.44212,0.252587,3.971,4,0.085
CIEL_OMEGA_COMPLETE_SYSTEM/ciel_omega/ciel/__init__.py,canon,other,python,395,12.0,4,0,0.004839,0.406241,0.438735,0.250863,3.859,4,0.913
ciel_rh_control_mini_repo/ciel_rh_control/__init__.py,mini_repo,runtime,python,147,3.0,3,3,0.005951,0.393481,0.451405,0.249547,3.343,4,0.306
CIEL_OMEGA_COMPLETE_SYSTEM/ciel_omega/visualization/__init__.py,canon,ui,python,81,1.0,0,0,0.002302,0.426063,0.410431,0.249028,3.594,4,0.706
CIEL_OMEGA_COMPLETE_SYSTEM/ciel_omega/emotion/cqcl/__init__.py,canon,experiment,python,327,7.0,0,0,0.002302,0.418452,0.41632,0.247493,3.587,4,0.654
CIEL_OMEGA_COMPLETE_SYSTEM/ciel_omega/mathematics/paradoxes/__init__.py,canon,experiment,python,85,1.0,0,0,0.002302,0.400063,0.397931,0.229103,3.505,4,1.064
CIEL_OMEGA_COMPLETE_SYSTEM/ciel_omega/mathematics/lie4/__init__.py,canon,experiment,python,73,1.0,0,0,0.002302,0.400063,0.397931,0.229103,3.505,4,0.093
CIEL_OMEGA_COMPLETE_SYSTEM/ciel_omega/mathematics/universal_law/__init__.py,canon,experiment,python,98,1.0,0,0,0.002302,0.400063,0.397931,0.229103,3.505,4,0.22
CIEL_OMEGA_COMPLETE_SYSTEM/ciel_omega/fields/__init__.py,canon,other,python,269,5.0,1,0,0.002954,0.377027,0.40723,0.220618,3.531,4,0.804
CIEL_OMEGA_COMPLETE_SYSTEM/ciel_omega/ciel_wave/__init__.py,canon,other,python,237,8.0,0,0,0.002302,0.376015,0.405383,0.21923,3.46,4,0.935
CIEL_OMEGA_COMPLETE_SYSTEM/ciel_omega/resonance/__init__.py,canon,other,python,248,4.0,1,0,0.002954,0.374608,0.404811,0.2182,3.521,4,0.141
CIEL_OMEGA_COMPLETE_SYSTEM/ciel_omega/inference/__init__.py,canon,other,python,228,3.0,1,5,0.002773,0.371109,0.400773,0.214458,3.494,4,0.994
CIEL_OMEGA_COMPLETE_SYSTEM/ciel_omega/compute/__init__.py,canon,other,python,121,5.0,0,0,0.002302,0.370636,0.400004,0.213852,3.436,4,0.32
CIEL_OMEGA_COMPLETE_SYSTEM/ciel_omega/ciel_io/__init__.py,canon,other,python,130,4.0,0,0,0.002302,0.368218,0.397586,0.211433,3.425,4,0.51
CIEL_OMEGA_COMPLETE_SYSTEM/ciel_omega/core/physics/__init__.py,canon,other,python,65,1.0,1,0,0.002499,0.361097,0.389944,0.204078,3.433,4,1.084
CIEL_OMEGA_COMPLETE_SYSTEM/ciel_omega/mathematics/__init__.py,canon,other,python,79,1.0,0,0,0.002302,0.356063,0.385431,0.199278,3.37,4,0.063
CIEL_OMEGA_COMPLETE_SYSTEM/ciel_omega/cognition/__init__.py,canon,other,python,82,1.0,0,0,0.002302,0.356063,0.385431,0.199278,3.37,4,0.906
CIEL_OMEGA_COMPLETE_SYSTEM/ciel_omega/bio/__init__.py,canon,other,python,81,1.0,0,0,0.002302,0.356063,0.385431,0.199278,3.37,4,0.88
CIEL_OMEGA_COMPLETE_SYSTEM/ciel_omega/emotion/__init__.py,canon,other,python,84,1.0,0,0,0.002302,0.356063,0.385431,0.199278,3.37,4,1.122
CIEL_OMEGA_COMPLETE_SYSTEM/ciel_omega/calibration/__init__.py,canon,other,python,68,1.0,0,0,0.002302,0.356063,0.385431,0.199278,3.37,4,1.089
CIEL_OMEGA_COMPLETE_SYSTEM/ciel_omega/core/quantum/__init__.py,canon,other,python,71,1.0,0,0,0.002302,0.356063,0.385431,0.199278,3.37,4,0.681
06_SUBJECTIVE_TIME_WINDING_AND_SEMANTIC_MASS.md,external,memory,text,1412,65.0,0,0,0.0,0.346577,0.393077,0.367502,3.261,5,0.495
07_OORP_PIPELINE_AND_MEMORY.md,external,memory,text,1196,60.0,0,0,0.0,0.345532,0.392032,0.366457,3.257,5,0.439
ciel-omega-demo-main/docs/analogies/ANALOGY_REGISTRY.md,demo,axiom,text,3370,76.0,0,0,0.0,0.422622,0.445122,0.332747,3.24,5,0.274
ciel-omega-demo-main/scripts/export_orbital_manifest.sh,demo,axiom,sh,258,,0,0,0.0,0.465,0.3875,0.330125,3.228,5,0.577
ciel-omega-demo-main/docs/index.html,demo,axiom,html,11623,,0,0,0.0,0.465,0.3875,0.330125,3.228,5,0.938
ciel_rh_control_mini_repo.zip,external,runtime,binary,5531,,0,0,0.0,0.299,0.35,0.32195,3.056,5,0.502
08_GEOMETRY_ENGINE_AND_UI_SURFACE.md,external,ui,text,1203,50.0,0,0,0.0,0.297157,0.302157,0.299407,2.955,5,0.902
ciel-omega-demo-main/main/apps/omega_app.py,demo,ui,python,83658,1878.0,2,0,0.003084,0.393092,0.400074,0.296234,3.301,5,0.465
System OrchORbital full draft.txt,external,other,text,59602,1542.0,0,0,0.0,0.272387,0.322387,0.294887,2.934,5,0.122
10_METRICS_VALIDATION_AND_EXPERIMENTS.md,external,experiment,text,1245,61.0,0,0,0.0,0.273747,0.292247,0.282072,2.877,5,0.78
ciel-omega-demo-main/main/core/config.py,demo,config,python,427,16.0,3,3,0.003453,0.362221,0.405692,0.281783,3.286,5,0.798
ciel-omega-demo-main/main/apps/orbital_cockpit.py,demo,ui,python,11275,328.0,3,0,0.003958,0.377031,0.385509,0.280846,3.309,5,0.15
ciel-omega-demo-main/adam_memory.json,demo,memory,text,547,20.0,0,0,0.0,0.361386,0.402886,0.280061,3.003,5,1.057
ciel-omega-demo-main/ciel_omega_app.py,demo,ui,python,27939,739.0,0,0,0.002302,0.369507,0.376375,0.272598,3.093,5,0.358
ciel-omega-demo-main/main/apps/omega_orbital_app.py,demo,ui,python,29545,633.0,0,5,0.002302,0.367456,0.374324,0.270547,3.084,5,0.689
ciel_rh_control_mini_repo/tests/test_controller.py,mini_repo,runtime,python,460,10.0,0,0,0.002302,0.382677,0.383045,0.262842,3.116,5,0.333
ciel-omega-demo-main/main/apps/orbital_panels.py,demo,ui,python,3916,104.0,2,3,0.003084,0.354828,0.361809,0.25797,3.129,5,0.13
03_STATE_SPACE_AND_BOUNDARY_CONDITIONS.md,external,other,text,1995,83.0,0,0,0.0,0.233776,0.283776,0.256276,2.761,5,0.609
ciel-omega-demo-main/main/apps/cli.py,demo,ui,python,7346,210.0,0,0,0.002302,0.352862,0.35973,0.255952,3.018,5,0.737
11_IMPLEMENTATION_PHASES_AND_WORKPACKAGES.md,external,other,text,1054,68.0,0,0,0.0,0.231166,0.281166,0.253666,2.749,5,0.345
ciel-omega-demo-main/docs/OMEGA_COCKPIT_1_0.md,demo,ui,text,6337,328.0,0,0,0.0,0.351886,0.351886,0.251886,2.876,5,0.57
ciel-omega-demo-main/main/emotion/cqcl.py,demo,experiment,python,4380,135.0,2,0,0.004062,0.335177,0.358575,0.245706,3.126,5,0.01
ciel-omega-demo-main/requirements.txt,demo,config,text,116,7.0,0,0,0.0,0.328584,0.365084,0.245009,2.845,5,0.121
ciel-omega-demo-main/scripts/build_bundle.py,demo,ui,python,1897,80.0,0,0,0.002302,0.340162,0.34703,0.243252,2.961,5,0.038
ciel-omega-demo-main/main/apps/model_catalog.py,demo,ui,python,1494,46.0,0,0,0.002302,0.332941,0.339809,0.236032,2.928,5,0.722
ciel-omega-demo-main/main/omega/field_ops.py,demo,demo_test,python,1750,52.0,6,0,0.00556,0.320925,0.343349,0.231016,3.261,5,0.385
ciel-omega-demo-main/.github/workflows/build_bundles.yml,demo,ui,text,1283,54.0,0,0,0.0,0.328158,0.328158,0.228158,2.769,5,0.934
ciel-omega-demo-main/main/emotion/emotional_collatz.py,demo,demo_test,python,11807,247.0,1,3,0.003165,0.312025,0.332858,0.2214,2.939,5,1.047
ciel-omega-demo-main/main/omega/batch18.py,demo,demo_test,python,9997,285.0,1,4,0.002628,0.312314,0.331544,0.220967,2.908,5,0.888
ciel-omega-demo-main/main/adam/mission.py,demo,demo_test,python,5580,153.0,2,0,0.003363,0.310742,0.331057,0.219884,2.973,5,0.358
ciel-omega-demo-main/pyproject.toml,demo,config,toml,753,,0,0,0.0,0.301,0.3375,0.217425,2.721,5,1.027
ciel-omega-demo-main/main/kernels/ciel0_common.py,demo,demo_test,python,3519,102.0,2,5,0.003892,0.306984,0.328877,0.216836,2.987,5,0.972
ciel-omega-demo-main/main/adam/ritual.py,demo,demo_test,python,4985,116.0,2,0,0.003363,0.307097,0.327412,0.216239,2.956,5,0.33
ciel-omega-demo-main/main/kernels/ciel0_framework.py,demo,demo_test,python,6833,182.0,1,3,0.002702,0.306613,0.326065,0.215367,2.887,5,0.023
ciel-omega-demo-main/main/kernels/unified_reality.py,demo,demo_test,python,6367,160.0,1,3,0.002702,0.304914,0.324366,0.213668,2.879,5,0.377
ciel-omega-demo-main/README.md,demo,demo_test,text,8833,407.0,0,0,0.0,0.304741,0.317241,0.210366,2.689,5,0.141
ciel-omega-demo-main/docs/README_MERGE_DRAFT.md,demo,demo_test,text,8833,407.0,0,0,0.0,0.304741,0.317241,0.210366,2.689,5,0.729
ciel-omega-demo-main/main/adam/optimizer.py,demo,demo_test,python,2899,73.0,2,3,0.003363,0.30102,0.321335,0.210162,2.929,5,0.232
ciel-omega-demo-main/main/cognition/cognitive_loop.py,demo,demo_test,python,6339,187.0,0,0,0.002302,0.301331,0.320699,0.210046,2.811,5,0.279
ciel-omega-demo-main/main/omega/schumann.py,demo,demo_test,python,836,28.0,4,0,0.004071,0.299593,0.319796,0.208684,3.02,5,0.873
ciel-omega-demo-main/main/adam/core.py,demo,demo_test,python,2702,59.0,2,6,0.003652,0.2991,0.320277,0.20863,2.938,5,0.094
ciel-omega-demo-main/main/core/gpu.py,demo,demo_test,python,2110,72.0,1,0,0.002546,0.293956,0.312943,0.2025,2.821,5,0.725
ciel-omega-demo-main/main/omega/csf2.py,demo,demo_test,python,2193,69.0,1,3,0.002628,0.293643,0.312873,0.202296,2.824,5,1.039
ciel-omega-demo-main/raporty/raport1.md,demo,demo_test,text,7244,195.0,0,0,0.0,0.295015,0.307515,0.20064,2.645,5,0.242
ciel-omega-demo-main/main/spectral/wave12d.py,demo,demo_test,python,1489,46.0,1,0,0.003212,0.290102,0.311075,0.19954,2.843,5,0.344
ciel-omega-demo-main/main/installer_linux.py,demo,demo_test,python,1948,64.0,0,0,0.002302,0.287242,0.30661,0.195958,2.748,5,0.911
ciel-omega-demo-main/main/kernels/factory.py,demo,demo_test,python,570,18.0,2,7,0.004174,0.285403,0.308136,0.195633,2.907,5,0.285
ciel-omega-demo-main/main/adam/demo.py,demo,demo_test,python,1222,36.0,1,3,0.002846,0.285837,0.305718,0.194783,2.802,5,0.816
ciel-omega-demo-main/main/core/glyphs.py,demo,demo_test,python,1853,55.0,0,0,0.002302,0.285265,0.304633,0.193981,2.739,5,0.074
ciel-omega-demo-main/main/core/hooks.py,demo,demo_test,python,1278,43.0,0,8,0.002302,0.282066,0.301434,0.190782,2.725,5,0.833
ciel-omega-demo-main/main/kernels/ciel0_fft.py,demo,demo_test,python,747,23.0,1,3,0.002808,0.279981,0.299749,0.188877,2.773,5,1.031
ciel-omega-demo-main/main/omega/drift.py,demo,demo_test,python,649,23.0,1,4,0.002628,0.279443,0.298673,0.188097,2.76,5,0.798
ciel-omega-demo-main/main/core/sigma.py,demo,demo_test,python,646,22.0,1,3,0.002546,0.278635,0.297622,0.187179,2.752,5,0.045
ciel-omega-demo-main/main/omega/rcde.py,demo,demo_test,python,478,20.0,1,3,0.002628,0.277672,0.296902,0.186325,2.752,5,1.022
ciel-omega-demo-main/main/kernels/ciel0_nofft.py,demo,demo_test,python,421,18.0,1,3,0.002808,0.276882,0.29665,0.185778,2.759,5,0.944
ciel-omega-demo-main/main/core/physical.py,demo,demo_test,python,750,26.0,0,3,0.002302,0.275588,0.294956,0.184304,2.695,5,0.407
ciel-omega-demo-main/main/kernels/ciel0_state.py,demo,demo_test,python,240,15.0,1,0,0.002963,0.275066,0.295297,0.18417,2.76,5,0.66
ciel-omega-demo-main/main/core/interfaces.py,demo,demo_test,python,402,17.0,1,0,0.002546,0.275384,0.294371,0.183928,2.737,5,0.426
ciel-omega-demo-main/main/core/reality_logger.py,demo,demo_test,python,515,17.0,1,0,0.002546,0.275384,0.294371,0.183928,2.737,5,0.95
ciel-omega-demo-main/.workload/paradoxes.py,demo,experiment,python,66464,1535.0,0,0,0.002302,0.353194,0.373562,0.18236,2.687,5,0.694
ciel-omega-demo-main/.workload/parlie4.py,demo,experiment,python,47857,1165.0,0,0,0.002302,0.349538,0.369906,0.178704,2.67,5,0.14
ciel-omega-demo-main/.workload/lie4full.py,demo,experiment,python,31405,854.0,0,0,0.002302,0.345423,0.365791,0.174589,2.652,5,0.349
ciel-omega-demo-main/.workload/ext21.py,demo,experiment,python,31853,791.0,0,0,0.002302,0.344408,0.364776,0.173573,2.647,5,0.344
CIEL_OMEGA_COMPLETE_SYSTEM/ciel_omega/experiments/__init__.py,canon,experiment,python,68,1.0,0,0,0.002302,0.400063,0.397931,0.149103,3.145,5,0.15
ciel-omega-demo-main/docs/analogies/MNEMONIC_BOOK_FOR_KIDS.md,demo,demo_test,text,3601,186.0,0,0,0.0,0.294392,0.306892,0.200017,2.643,6,0.099
ciel-omega-demo-main/raporty/raport5.md,demo,demo_test,text,4648,159.0,0,0,0.0,0.292323,0.304823,0.197948,2.633,6,0.358
CIEL_Orbital_Foundation_Pack_v2.zip,external,other,binary,21297,,0,0,0.0,0.175,0.225,0.1975,2.496,6,0.291
CIEL_Orbital_Foundation_Pack.zip,external,other,binary,15158,,0,0,0.0,0.175,0.225,0.1975,2.496,6,0.574
ciel-omega-demo-main/raporty/raport2.md,demo,demo_test,text,3957,112.0,0,0,0.0,0.28771,0.30021,0.193335,2.613,6,0.44
ciel-omega-demo-main/raporty/raport4.md,demo,demo_test,text,3784,96.0,0,0,0.0,0.285685,0.298185,0.19131,2.603,6,0.585
ciel-omega-demo-main/raporty/raport3.md,demo,demo_test,text,3555,74.0,0,0,0.0,0.282273,0.294773,0.187898,2.588,6,0.806
ciel-omega-demo-main/docs/analogies/README.md,demo,demo_test,text,1585,61.0,0,0,0.0,0.279747,0.292247,0.185372,2.577,6,0.487
ciel-omega-demo-main/mission_tracker.json,demo,demo_test,text,1286,52.0,0,0,0.0,0.277667,0.290167,0.183292,2.567,6,1.014
ciel-omega-demo-main/scripts/run_ui.ps1,demo,ui,ps1,356,,0,0,0.0,0.275,0.275,0.175,2.53,6,0.052
ciel-omega-demo-main/scripts/run_ui.cmd,demo,ui,cmd,103,,0,0,0.0,0.275,0.275,0.175,2.53,6,0.911
ciel-omega-demo-main/scripts/build_bundle.sh,demo,ui,sh,201,,0,0,0.0,0.275,0.275,0.175,2.53,6,0.169
ciel-omega-demo-main/scripts/run_orbital_ui.ps1,demo,ui,ps1,458,,0,0,0.0,0.275,0.275,0.175,2.53,6,0.744
ciel-omega-demo-main/scripts/build_bundle.ps1,demo,ui,ps1,197,,0,0,0.0,0.275,0.275,0.175,2.53,6,0.853
ciel-omega-demo-main/scripts/run_ui.sh,demo,ui,sh,318,,0,0,0.0,0.275,0.275,0.175,2.53,6,0.035
ciel-omega-demo-main/scripts/run_orbital_ui.cmd,demo,ui,cmd,378,,0,0,0.0,0.275,0.275,0.175,2.53,6,0.757
ciel-omega-demo-main/scripts/run_orbital_ui.sh,demo,ui,sh,345,,0,0,0.0,0.275,0.275,0.175,2.53,6,0.002
ciel-omega-demo-main/scripts/build_installer_elf_linux.sh,demo,ui,sh,855,,0,0,0.0,0.275,0.275,0.175,2.53,6,0.85
ciel-omega-demo-main/docs/orbital_live.html,demo,ui,html,13725,,0,0,0.0,0.275,0.275,0.175,2.53,6,0.202
ciel-omega-demo-main/.workload/cielnofft.py,demo,experiment,python,26823,692.0,0,0,0.002302,0.342636,0.363005,0.171802,2.639,6,0.503
ciel-omega-demo-main/.workload/definitekernel.py,demo,experiment,python,29803,671.0,0,0,0.002302,0.342228,0.362596,0.171394,2.637,6,0.112
ciel-omega-demo-main/.workload/cielquantum.py,demo,experiment,python,21933,569.0,0,0,0.002302,0.340044,0.360413,0.16921,2.628,6,0.094
ciel-omega-demo-main/ciel_cli.py,demo,demo_test,python,125,7.0,0,0,0.002302,0.259452,0.27882,0.168168,2.623,6,0.864
ciel-omega-demo-main/scripts/entry_cli.py,demo,demo_test,python,125,7.0,0,0,0.002302,0.259452,0.27882,0.168168,2.623,6,0.63
ciel-omega-demo-main/scripts/entry_omega_runpy.py,demo,demo_test,python,113,7.0,0,0,0.002302,0.259452,0.27882,0.168168,2.623,6,0.634
ciel-omega-demo-main/scripts/entry_omega.py,demo,demo_test,python,131,7.0,0,0,0.002302,0.259452,0.27882,0.168168,2.623,6,0.098
ciel-omega-demo-main/main/core/enums.py,demo,demo_test,python,249,7.0,0,0,0.002302,0.259452,0.27882,0.168168,2.623,6,0.302
ciel-omega-demo-main/.workload/extemot.py,demo,experiment,python,20071,373.0,0,0,0.002302,0.334455,0.354823,0.16362,2.602,6,0.282
ciel-omega-demo-main/.workload/ext18.py,demo,experiment,python,17252,341.0,0,0,0.002302,0.333268,0.353636,0.162434,2.597,6,0.521
ciel-omega-demo-main/.workload/ext1.py,demo,experiment,python,10949,287.0,0,0,0.002302,0.330989,0.351357,0.160154,2.587,6,0.248
ciel-omega-demo-main/.workload/ext17.py,demo,experiment,python,14162,273.0,0,0,0.002302,0.330328,0.350696,0.159493,2.584,6,0.338
ciel-omega-demo-main/.workload/ext7.py,demo,experiment,python,9877,266.0,0,0,0.002302,0.329984,0.350352,0.15915,2.582,6,0.81
ciel-omega-demo-main/.workload/ext9.py,demo,experiment,python,10836,258.0,0,0,0.002302,0.329581,0.349949,0.158746,2.58,6,0.005
ciel-omega-demo-main/.workload/ext10.py,demo,experiment,python,11592,234.0,0,0,0.002302,0.328291,0.348659,0.157456,2.575,6,0.533
ciel-omega-demo-main/.workload/ext20.py,demo,experiment,python,9986,209.0,0,0,0.002302,0.326799,0.347167,0.155964,2.568,6,0.245
ciel-omega-demo-main/.workload/ext6.py,demo,experiment,python,8395,208.0,0,0,0.002302,0.326735,0.347104,0.155901,2.568,6,0.679
ciel-omega-demo-main/.workload/ext5.py,demo,experiment,python,8002,204.0,0,0,0.002302,0.326479,0.346847,0.155645,2.567,6,0.262
ciel-omega-demo-main/.workload/ext2.py,demo,experiment,python,7529,190.0,0,0,0.002302,0.325541,0.345909,0.154706,2.562,6,0.662
ciel-omega-demo-main/.workload/ext8.py,demo,experiment,python,7391,183.0,0,0,0.002302,0.325045,0.345414,0.154211,2.56,6,0.116
ciel-omega-demo-main/main/experiments/lab17.py,demo,experiment,python,5491,167.0,0,6,0.002302,0.323839,0.344207,0.153004,2.555,6,0.933
ciel-omega-demo-main/.workload/ext3.py,demo,experiment,python,6688,159.0,0,0,0.002302,0.323191,0.34356,0.152357,2.552,6,0.553
ciel-omega-demo-main/.workload/ext19.py,demo,experiment,python,5764,130.0,0,0,0.002302,0.320539,0.340907,0.149704,2.54,6,0.196
ciel-omega-demo-main/.workload/ext4.py,demo,experiment,python,5093,125.0,0,0,0.002302,0.320023,0.340391,0.149188,2.537,6,0.77
ciel-omega-demo-main/.workload/README.md,demo,experiment,text,6737,137.0,0,0,0.0,0.314361,0.327861,0.140436,2.374,6,0.054
ciel-omega-demo-main/.workload/extfwcku.py,demo,experiment,python,1807,55.0,0,0,0.002302,0.309265,0.329633,0.138431,2.489,6,0.061
ciel-omega-demo-main/.gitignore,demo,demo_test,other,135,,0,0,0.0,0.225,0.2375,0.130625,2.33,6,0.546
ciel-omega-demo-main/LICENSE,demo,demo_test,other,5137,,0,0,0.0,0.225,0.2375,0.130625,2.33,6,0.481
ciel-omega-demo-main/main/Logo1.png,demo,demo_test,png,1569593,,0,0,0.0,0.225,0.2375,0.130625,2.33,6,0.095
ciel-omega-demo-main/scripts/run_cli.ps1,demo,demo_test,ps1,319,,0,0,0.0,0.225,0.2375,0.130625,2.33,6,0.845
ciel-omega-demo-main/scripts/run_cli.cmd,demo,demo_test,cmd,104,,0,0,0.0,0.225,0.2375,0.130625,2.33,6,0.526
ciel-omega-demo-main/scripts/installer_elf_linux.c,demo,demo_test,c,12163,,0,0,0.0,0.225,0.2375,0.130625,2.33,6,0.628
ciel-omega-demo-main/scripts/run_cli.sh,demo,demo_test,sh,228,,0,0,0.0,0.225,0.2375,0.130625,2.33,6,0.372
ciel-omega-demo-main/scripts/install_local.ps1,demo,demo_test,ps1,765,,0,0,0.0,0.225,0.2375,0.130625,2.33,6,0.42
ciel-omega-demo-main/scripts/install_local.cmd,demo,demo_test,cmd,110,,0,0,0.0,0.225,0.2375,0.130625,2.33,6,0.005
ciel-omega-demo-main/scripts/install_local.sh,demo,demo_test,sh,659,,0,0,0.0,0.225,0.2375,0.130625,2.33,6,0.335
ciel-omega-demo-main/main/adam/__init__.py,demo,demo_test,python,415,17.0,4,8,0.005123,0.296407,0.319749,0.036911,2.304,6,0.235
ciel-omega-demo-main/main/apps/__init__.py,demo,ui,python,0,0.0,3,0,0.003958,0.300145,0.308623,0.03396,2.198,6,0.64
ciel-omega-demo-main/main/core/__init__.py,demo,demo_test,python,0,0.0,9,0,0.007997,0.288864,0.315228,0.030728,2.58,6,0.006
ciel-omega-demo-main/main/kernels/__init__.py,demo,demo_test,python,69,2.0,6,4,0.006933,0.286927,0.313447,0.028861,2.425,6,0.325
ciel-omega-demo-main/main/experiments/__init__.py,demo,experiment,python,0,0.0,0,0,0.002302,0.255868,0.276236,0.02,1.956,6,0.136
ciel-omega-demo-main/main/emotion/__init__.py,demo,demo_test,python,246,9.0,2,4,0.004062,0.276553,0.298952,0.02,2.111,6,0.352
ciel-omega-demo-main/main/omega/__init__.py,demo,demo_test,python,0,0.0,6,0,0.00556,0.268258,0.290682,0.02,2.311,6,0.876
ciel-omega-demo-main/main/cognition/__init__.py,demo,demo_test,python,0,0.0,0,0,0.002302,0.231868,0.251236,0.02,1.956,6,0.061
ciel-omega-demo-main/main/spectral/__init__.py,demo,demo_test,python,189,7.0,1,3,0.003212,0.266613,0.287586,0.02,2.035,6,0.394
